AAC73112	thrL
AAC73113	thrA
AAC73114	thrB
AAC73115	thrC
AAC73116	yaaX
AAC73117	yaaA
AAC73118	yaaJ
AAC73119	talB
AAC73120	mog
AAC73121	satP
AAC73122	yaaW
AAC73124	yaaI
AAC73125	dnaK
AAC73126	dnaJ
AAC73127	insL1
AAT48122	hokC
AAC73129	mokC
AAC73130	nhaA
AAC73131	nhaR
AAC73132	insB1
AAC73133	insA
AAC73134	rpsT
AAC73135	yaaY
AAC73136	ribF
AAC73137	ileS
AAC73138	lspA
AAC73139	fkpB
AAC73140	ispH
AAC73141	rihC
AAC73142	dapB
AAC73143	carA
AAC73144	carB
AAC73145	caiF
AAC73146	caiE
AAC73147	caiD
AAC73148	caiC
AAC73149	caiB
AAC73150	caiA
AAC73151	caiT
AAC73152	fixA
AAC73153	fixB
AAC73154	fixC
AAC73155	fixX
AAC73156	yaaU
AAC73157	kefF
AAC73158	kefC
AAC73159	folA
AAC73160	apaH
AAC73161	apaG
AAC73162	rsmA
AAC73163	pdxA
AAC73164	surA
AAC73165	lptD
AAC73166	djlA
AAC73169	rluA
AAC73170	rapA
AAC73171	polB
AAC73172	araD
AAC73173	araA
AAC73174	araB
AAC73175	araC
AAC73176	yabI
AAC73177	thiQ
AAC73178	thiP
AAC73179	thiB
AAC73180	sgrR
ACO59989	sgrT
AAT48123	setA
AAC73182	leuD
AAC73183	leuC
AAC73184	leuB
AAC73185	leuA
AAC73186	leuL
AAC73187	leuO
AAC73188	ilvI
AAC73189	ilvH
AAC73191	cra
AAC73192	mraZ
AAC73193	rsmH
AAC73194	ftsL
AAC73195	ftsI
AAC73196	murE
AAC73197	murF
AAC73198	mraY
AAC73199	murD
AAC73200	ftsW
AAC73201	murG
AAC73202	murC
AAC73203	ddlB
AAC73204	ftsQ
AAC73205	ftsA
AAC73206	ftsZ
AAC73207	lpxC
AAC73208	secM
AAC73209	secA
AAC73210	mutT
AAC73212	yacG
AAC73213	zapD
AAC73214	coaE
AAC73215	guaC
AAC73217	hofC
AAC73218	hofB
AAC73219	ppdD
AAC73220	nadC
AAC73221	ampD
AAC73222	ampE
AAC73223	aroP
AAC73224	pdhR
AAC73225	aceE
AAC73226	aceF
AAC73227	lpd
AAC73228	yacH
AAC73229	acnB
AAC73230	yacL
AAC73231	speD
AAC73232	speE
AAC73233	yacC
AAC73234	cueO
AAC73235	gcd
AAC73236	hpt
AAC73237	can
AAC73238	yadG
AAC73239	yadH
AAC73240	yadI
AAC73241	yadE
AAC73242	panD
AAC73243	yadD
AAC73244	panC
AAC73245	panB
AAC73246	yadC
AAC73247	yadK
AAC73248	yadL
AAC73249	yadM
AAC73250	htrE
AAC73251	yadV
AAC73252	yadN
AAC73253	folK
AAC73254	pcnB
AAC73255	gluQ
AAC73256	dksA
AAC73257	sfsA
AAC73258	ligT
AAC73259	hrpB
AAC73260	mrcB
AAC73261	fhuA
AAC73262	fhuC
AAC73263	fhuD
AAC73264	fhuB
AAC73265	hemL
AAC73266	clcA
AAC73267	erpA
AAC73268	yadS
AAC73269	btuF
AAC73270	mtn
AAC73271	dgt
AAC73272	degP
AAC73273	cdaR
AAC73274	yaeH
AAC73275	yaeI
AAC73277	dapD
AAC73278	glnD
AAC73279	map
AAC73280	rpsB
AAC73281	tsf
AAC73282	pyrH
AAC73283	frr
AAC73284	dxr
AAC73285	ispU
AAC73286	cdsA
AAC73287	rseP
AAC73288	bamA
AAC73289	skp
AAC73290	lpxD
AAC73291	fabZ
AAC73292	lpxA
AAC73293	lpxB
AAC73294	rnhB
AAC73295	dnaE
AAC73296	accA
AAC73297	ldcC
AAC73298	yaeR
AAC73299	tilS
AAC73300	rof
AAT48124	yaeP
AAC73301	yaeQ
AAC73302	arfB
AAC73303	nlpE
AAC73304	yaeF
AAC73305	proS
AAC73306	tsaA
AAC73307	rcsF
AAC73308	metQ
AAC73309	metI
AAC73310	metN
AAC73311	gmhB
AAC73312	dkgB
AAC73313	yafC
AAC73314	yafD
AAC73315	yafE
AAC73316	mltD
AAC73317	gloB
AAC73318	yafS
AAC73319	rnhA
AAC73320	dnaQ
AAC73321	yafT
ABP93434	ykfM
AAC73323	yafV
AAC73324	ivy
AAC73325	fadE
AAC73326	gmhA
AAC73327	yafJ
AAC73328	yafK
AAC73329	yafQ
AAC73330	dinJ
AAC73331	yafL
AAC73332	rayT
AAC73335	dinB
AAC73336	yafN
AAC73337	yafO
AAC73338	yafP
AAC73341	pepD
AAC73342	gpt
AAC73343	frsA
AAC73345	phoE
AAC73346	proB
AAC73347	proA
AAC73348	ykfI
AAC73349	yafW
ABD18634	ykfH
AAC73350	ykfG
AAC73351	yafX
AAC73352	ykfF
AAC73353	ykfB
AAC73354	yafY
AAC73355	yafZ
AAC73356	ykfA
AAC73357	perR
AAC73359	insI1
AAC73362	insH1
AAC73363	mmuP
AAC73364	mmuM
AAC73365	afuC
AAC73367	insB1
AAC73368	insA
AAC73370	yagA
AAC73371	yagE
AAC73372	yagF
AAC73373	yagG
AAC73374	yagH
AAC73375	yagI
AAC73376	argF
AAC73377	insB1
AAC73378	insA
AAC73380	yagK
AAC73381	yagL
AAC73382	yagM
AAC73383	yagN
AAC73384	intF
AAC73386	paoD
AAC73387	paoC
AAC73388	paoB
AAC73389	paoA
AAC73390	yagU
AAC73391	ykgJ
AAC73392	ecpE
AAC73393	ecpD
AAC73394	ecpC
AAC73395	ecpB
AAC73396	ecpA
AAC73397	ecpR
AAC73398	ykgL
ABD18636	ykgO
AAC73399	ykgM
ACO59990	ykgR
AAC73401	insE1
AAC73402	insF1
AAC73404	rclC
AAC73406	rclB
AAC73407	rclA
AAC73408	rclR
AAC73409	ykgE
AAC73410	ykgF
AAC73411	ykgG
AAC73413	ykgH
AAC73414	betA
AAC73415	betB
AAC73416	betI
AAC73417	betT
AAC73418	yahA
AAC73419	yahB
AAC73420	yahC
AAC73421	yahD
AAC73422	yahE
AAC73423	yahF
AAC73424	yahG
AAC73426	yahI
AAC73427	yahJ
AAC73428	yahK
AAC73429	yahL
AAC73430	yahM
AAC73431	yahN
AAC73432	yahO
AAC73433	prpR
AAC73434	prpB
AAC73436	prpC
AAC73437	prpD
AAC73438	prpE
AAC73439	codB
AAC73440	codA
AAC73441	cynR
AAC73442	cynT
AAC73443	cynS
AAC73444	cynX
AAC73445	lacA
AAC73446	lacY
AAC73447	lacZ
AAC73448	lacI
AAC73449	mhpR
AAC73450	mhpA
AAC73451	mhpB
AAC73452	mhpC
AAC73453	mhpD
AAC73454	mhpF
AAC73455	mhpE
AAC73456	mhpT
AAC73457	yaiL
AAC73458	frmB
AAC73459	frmA
AAC73460	frmR
AAC73461	yaiO
AAC73463	insC1
AAC73464	insD1
AAC73466	yaiP
AAC73467	yaiS
AAC73468	tauA
AAC73469	tauB
AAC73470	tauC
AAC73471	tauD
AAC73472	hemB
AAC73475	insF1
AAC73476	insE1
AAC73478	yaiV
AAC73479	ampH
AAC73480	sbmA
AAC73481	yaiW
AAC73482	yaiY
AAC73483	yaiZ
AAC73484	ddlA
AAC73485	iraP
AAC73486	phoA
AAC73487	psiF
AAC73488	yaiC
AAC73489	proC
AAC73490	yaiI
AAC73491	aroL
AAC73492	yaiA
AAC73493	aroM
AAC73494	yaiE
AAC73496	rdgC
AAC73497	mak
AAC73499	araJ
AAC73500	sbcC
AAC73501	sbcD
AAC73502	phoB
AAC73503	phoR
AAC73504	brnQ
AAC73505	proY
AAC73506	malZ
AAC73507	acpH
AAC73508	queA
AAC73509	tgt
AAC73510	yajC
AAC73511	secD
AAC73512	secF
AAC73513	yajD
AAC73514	tsx
AAC73515	yajI
AAC73516	nrdR
AAC73517	ribD
AAC73518	ribE
AAC73519	nusB
AAC73520	thiL
AAC73521	pgpA
AAC73522	yajO
AAC73523	dxs
AAC73524	ispA
AAC73525	xseB
AAC73526	thiI
AAC73527	yajL
AAC73528	panE
AAC73529	yajQ
AAC73530	yajR
AAC73531	cyoE
AAC73532	cyoD
AAC73533	cyoC
AAC73534	cyoB
AAC73535	cyoA
AAC73536	ampG
AAC73537	yajG
AAC73538	bolA
AAC73539	tig
AAC73540	clpP
AAC73541	clpX
AAC73542	lon
AAC73543	hupB
AAC73544	ppiD
AAC73545	ybaV
AAC73546	fadM
AAC73547	queC
AAC73548	ybaE
AAC73549	cof
AAC73550	ybaO
AAC73551	mdlA
AAC73552	mdlB
AAC73553	glnK
AAC73554	amtB
AAC73555	tesB
AAC73556	ybaY
AAC73557	ybaZ
AAC73558	ybaA
AAC73559	ylaB
AAC73560	ylaC
AAC73561	maa
AAC73562	hha
AAC73563	tomB
AAC73564	acrB
AAC73565	acrA
AAC73566	acrR
AAC73567	mscK
AAC73568	ybaM
AAC73569	priC
AAC73570	ybaN
AAC73571	apt
AAC73572	dnaX
AAC73573	ybaB
AAC73574	recR
AAC73575	htpG
AAC73576	adk
AAC73577	hemH
AAC73578	aes
AAC73579	gsk
AAC73580	ybaL
AAC73581	fsr
AAC73582	ushA
AAC73583	ybaK
AAC73584	ybaP
AAC73585	ybaQ
AAC73586	copA
AAC73587	glsA
AAC73588	ybaT
AAC73589	cueR
AAC73590	ybbJ
AAC73591	qmcA
AAC73592	fetA
AAC73593	fetB
AAC73594	ybbN
AAC73595	ybbO
AAC73596	tesA
AAC73597	ybbA
AAC73598	ybbP
AAC73599	rhsD
AAC73600	ybbC
AAC73605	mnmH
AAC73606	allS
AAC73607	allA
AAC73608	allR
AAC73609	gcl
AAC73610	hyi
AAC73611	glxR
AAC73613	ybbW
AAC73614	allB
AAC73615	ybbY
AAC73616	glxK
AAC73617	allE
AAC73618	allC
AAC73619	allD
AAC73620	fdrA
ABD18638	ylbE
AAC73622	ylbF
AAC73623	ybcF
AAC73624	purK
AAC73625	purE
AAC73626	lpxH
AAC73627	ppiB
AAC73628	cysS
AAC73629	ybcI
AAC73630	ybcJ
AAC73631	folD
AAC73632	sfmA
AAC73633	sfmC
AAC73634	sfmD
AAC73635	sfmH
AAC73636	sfmF
AAC73637	sfmZ
AAC73638	intD
AAC73641	insE1
AAC73642	insF1
AAC73644	emrE
AAC73645	ybcK
AAC73646	ybcL
AAC73647	ybcM
ABP93435	ylcH
AAC73648	ybcN
AAC73649	ninE
AAC73650	ybcO
AAC73651	rusA
ABD18639	ylcG
AAC73652	quuD
AAC73653	insH1
AAC73655	essD
AAC73656	rrrD
AAC73657	rzpD
ABD18640	rzoD
AAC73658	borD
AAC73659	ybcV
AAC73660	ybcW
ABP93436	ylcI
AAC73661	nohD
AAC73665	appY
AAC73666	ompT
AAC73667	envY
AAC73668	ybcH
AAC73669	nfrA
AAC73670	nfrB
AAC73671	cusS
AAC73672	cusR
AAC73673	cusC
AAC73674	cusF
AAC73675	cusB
AAC73676	cusA
AAC73677	pheP
AAC73678	ybdG
AAC73679	nfsB
AAC73680	ybdF
AAC73681	ybdJ
AAC73682	ybdK
AAT48125	hokE
AAC73683	insL1
AAC73684	entD
AAC73685	fepA
AAC73686	fes
ABD18641	ybdZ
AAC73687	entF
AAC73688	fepE
AAC73689	fepC
AAC73690	fepG
AAC73691	fepD
AAC73692	entS
AAC73693	fepB
AAC73694	entC
AAC73695	entE
AAC73696	entB
AAC73697	entA
AAC73698	entH
AAC73699	cstA
ABD18642	ybdD
AAC73700	ybdH
AAC73701	ybdL
AAC73702	ybdM
AAC73703	ybdN
AAC73704	ybdO
AAC73705	dsbG
AAC73706	ahpC
AAC73707	ahpF
AAC73708	uspG
AAC73709	ybdR
AAC73711	rnk
AAC73712	rna
AAC73713	citT
AAC73714	citG
AAC73715	citX
AAC73716	citF
AAC73717	citE
AAC73718	citD
AAC73719	citC
AAC73720	citA
AAC73721	citB
AAC73722	dcuC
AAC73723	pagP
AAC73724	cspE
AAC73725	flc
AAC73728	tatE
AAC73729	lipA
AAC73730	ybeF
AAC73731	lipB
AAC73732	ybeD
AAC73733	dacA
AAC73734	rlpA
AAC73735	mrdB
AAC73736	mrdA
AAC73737	rlmH
AAC73738	rsfS
AAC73739	cobC
AAC73740	nadD
AAC73741	holA
AAC73742	lptE
AAC73743	leuS
AAC73744	ybeL
AAC73745	ybeQ
AAC73746	ybeR
AAC73747	djlB
AAC73748	ybeT
AAC73749	ybeU
AAC73750	djlC
AAC73751	hscC
AAC73752	rihA
AAC73753	gltL
AAC73754	gltK
AAC73755	gltJ
AAC73756	gltI
AAC73757	insH1
AAC73758	lnt
AAC73759	ybeX
AAC73760	ybeY
AAC73761	ybeZ
AAC73762	miaB
AAC73763	ubiF
AAC73768	asnB
AAC73769	umpH
AAC73770	nagC
AAC73771	nagA
AAC73772	nagB
AAC73773	nagE
AAC73774	glnS
AAC73775	chiP
AAC73776	chiQ
AAC73777	fur
ABV59574	uof
AAC73778	fldA
AAC73779	ybfE
AAC73780	ybfF
AAC73781	seqA
AAC73782	pgm
AAC73783	ybfP
AAC73786	potE
AAC73787	speF
ABP93437	ybfK
AAC73788	kdpE
AAC73789	kdpD
AAC73790	kdpC
AAC73791	kdpB
AAC73792	kdpA
ABD18643	kdpF
AAC73793	ybfA
AAC73794	rhsC
AAC73796	ybfB
AAC73798	ybfC
AAC73800	ybfD
AAC73801	ybgA
AAC73802	phr
AAC73803	dtpD
AAC73804	ybgI
AAC73805	ybgJ
AAC73806	ybgK
AAC73807	ybgL
AAC73808	nei
AAC73809	abrB
AAC73810	ybgO
AAC73811	ybgP
AAC73812	ybgQ
AAC73813	ybgD
AAC73814	gltA
AAC73815	sdhC
AAC73816	sdhD
AAC73817	sdhA
AAC73818	sdhB
AAC73820	sucA
AAC73821	sucB
AAC73822	sucC
AAC73823	sucD
AAC73824	mngR
AAC73825	mngA
AAC73826	mngB
AAC73827	cydA
AAC73828	cydB
ABD18645	cydX
AAC73829	ybgE
AAC73830	ybgC
AAC73831	tolQ
AAC73832	tolR
AAC73833	tolA
AAC73834	tolB
AAC73835	pal
AAC73836	ybgF
AAC73837	nadA
AAC73838	pnuC
AAC73839	zitB
AAC73840	ybgS
AAC73841	aroG
AAC73842	gpmA
AAC73843	galM
AAC73844	galK
AAC73845	galT
AAC73846	galE
AAC73847	modF
AAC73848	modE
AAC73849	acrZ
AAC73850	modA
AAC73851	modB
AAC73852	modC
AAC73853	ybhA
AAC73854	pgl
AAC73855	ybhD
AAC73856	ybhH
AAC73857	ybhI
AAC73858	ybhJ
AAC73859	ybhC
AAC73860	ybhB
AAC73861	bioA
AAC73862	bioB
AAC73863	bioF
AAC73864	bioC
AAC73865	bioD
AAC73866	uvrB
AAC73867	ybhK
AAC73868	moaA
AAC73869	moaB
AAC73870	moaC
AAC73871	moaD
AAC73872	moaE
AAC73873	ybhL
AAC73874	ybhM
AAC73875	ybhN
AAC73876	clsB
AAC73877	ybhP
AAC73878	ybhQ
AAC73879	ybhR
AAC73880	ybhS
AAC73881	ybhF
AAC73882	ybhG
AAC73883	ybiH
AAC73884	rhlE
AAC73885	ybiA
AAC73886	dinG
AAC73887	ybiB
AAC73888	ybiC
AAC73889	ybiJ
AAC73890	ybiI
AAC73891	ybiX
AAC73892	fiu
AAC73893	mcbA
AAC73894	rlmF
AAC73895	ybiO
AAC73896	glnQ
AAC73897	glnP
AAC73898	glnH
AAC73899	dps
AAC73900	rhtA
AAC73901	ompX
AAC73902	opgE
AHA50631	mntS
AAC73904	mntR
AAC73905	ybiR
AAC73906	ldtB
AAC73907	ybiT
AAC73908	ybiU
AAC73909	ybiV
AAC73910	ybiW
AAC73911	ybiY
AAC73912	fsaA
AAC73913	moeB
AAC73914	moeA
AAC73915	iaaA
AAC73916	gsiA
AAC73917	gsiB
AAC73918	gsiC
AAC73919	gsiD
AAC73920	yliE
AAC73921	yliF
AAC73922	rimO
AAC73923	bssR
AAC73924	yliI
AAC73925	gstB
AAC73926	dacC
AAC73927	deoR
AAC73928	ybjG
AAC73929	mdfA
AAC73930	ybjH
AAC73931	ybjI
AAC73932	ybjJ
AAC73933	rcdA
AAC73934	ybjL
AAC73935	ybjM
AAC73936	grxA
AAC73937	ybjC
AAC73938	nfsA
AAC73939	rimK
AAC73940	ybjN
AAC73941	potF
AAC73942	potG
AAC73943	potH
AAC73944	potI
AAC73945	ybjO
AAC73946	rlmC
AAC73947	artJ
AAC73948	artM
AAC73949	artQ
AAC73950	artI
AAC73951	artP
AAC73952	ybjP
AAC73953	ybjQ
AAC73954	amiD
AAC73955	ybjS
AAC73956	ybjT
AAC73957	ltaE
AAC73958	poxB
AAC73959	hcr
AAC73960	hcp
AAC73961	ybjE
AAC73962	aqpZ
AAC73963	ybjD
AAC73964	ybjX
AAC73965	macA
AAC73966	macB
AAC73967	cspD
AAC73968	clpS
AAC73969	clpA
AAC73970	infA
AAC73971	aat
AAC73972	cydC
AAC73973	cydD
AAC73974	trxB
AAC73975	lrp
AAC73976	ftsK
AAC73977	lolA
AAC73978	rarA
AAC73979	serS
AAC73980	dmsA
AAC73981	dmsB
AAC73982	dmsC
AAC73983	ycaC
AAC73984	ycaD
AAC73985	ycaM
AAC73986	ycaN
AAC73987	ycaK
AAC73988	pflA
AAC73989	pflB
AAC73990	focA
AAC73991	ycaO
AAC73992	ycaP
AAC73993	serC
AAC73994	aroA
AAC73995	ycaL
AAC73996	cmk
AAC73997	rpsA
AAC73998	ihfB
AAC73999	ycaI
AAC74000	msbA
AAC74001	lpxK
AAC74002	ycaQ
AAC74003	ycaR
AAC74004	kdsB
AAC74005	ycbJ
AAC74006	elyC
AAC74007	smtA
AAC74008	mukF
AAC74009	mukE
AAC74010	mukB
AAC74011	ldtD
AAC74012	ycbK
AAC74013	ycbL
AAC74014	aspC
AAC74015	ompF
AAC74016	asnS
AAC74017	pncB
AAC74018	pepN
AAC74019	ssuB
AAC74020	ssuC
AAC74021	ssuD
AAC74022	ssuA
AAC74023	ssuE
AAC74024	elfA
AAC74025	elfD
AAC74026	elfC
AAC74027	elfG
AAC74028	ycbU
AAC74029	ycbV
AAC74030	ycbF
AAC74031	pyrD
AAC74032	zapC
AAC74033	ycbX
AAC74034	rlmL
AAC74035	uup
AAC74036	pqiA
AAC74037	pqiB
AAC74038	pqiC
AAC74039	rmf
AAC74040	fabA
AAC74041	ycbZ
AAC74042	matP
AAC74043	ompA
AAC74044	sulA
AAC74045	sxy
AAC74046	yccS
AAC74047	yccF
AAC74048	helD
AAC74049	mgsA
AAC74050	yccT
AAC74051	yccU
AAC74052	hspQ
AAC74053	rlmI
AAC74054	yccX
AAC74055	tusE
AAC74056	yccA
AAC74057	hyaA
AAC74058	hyaB
AAC74059	hyaC
AAC74060	hyaD
AAC74061	hyaE
AAC74062	hyaF
AAC74063	cbdA
AAC74064	cbdB
ABP93439	cbdX
AAC74065	appA
AAC74066	etk
AAC74067	etp
AAC74068	gfcE
AAC74069	gfcD
AAC74070	gfcC
AAC74071	gfcB
AAC74072	gfcA
ABD18646	insA
AAC74073	insB1
AAC74074	cspH
AAC74075	cspG
AAC74076	ymcE
ABD18647	gnsA
AAC74077	yccM
AAC74078	torS
AAC74079	torT
AAC74080	torR
AAC74081	torC
AAC74082	torA
AAC74083	torD
AAC74084	cbpM
AAC74085	cbpA
AAC74086	yccE
AAC74087	agp
AAC74088	yccJ
AAC74089	wrbA
AAC74090	ymdF
AAC74091	rutG
AAC74092	rutF
AAC74093	rutE
AAC74094	rutD
AAC74095	rutC
AAC74096	rutB
AAC74097	rutA
AAC74098	rutR
AAC74099	putA
AAC74100	putP
AAC74103	efeO
AAC74104	efeB
AAC74105	phoH
AAC74106	pgaD
AAC74107	pgaC
AAC74108	pgaB
AAC74109	pgaA
AAC74110	ycdT
AAC74111	insF1
AAC74112	insE1
AAC74114	ycdU
AAC74117	ghrA
AAC74118	ycdX
AAC74119	ycdY
AAC74120	ycdZ
AAC74121	csgG
AAC74122	csgF
AAC74123	csgE
AAC74124	csgD
AAC74125	csgB
AAC74126	csgA
AAC74127	csgC
AAC74128	ymdA
AAC74129	ymdB
AAC74130	clsC
AAC74131	opgC
AAC74132	opgG
AAC74133	opgH
AAC74134	yceK
AAC74135	msyB
AAC74137	mdtG
AAC74138	lpxL
AAC74139	yceA
AAC74140	yceI
AAC74141	yceJ
AAC74142	yceO
AAC74143	solA
AAC74144	bssS
AAC74145	dinI
AAC74146	pyrC
AAC74147	yceB
AAC74148	grxB
AAC74149	mdtH
AAC74150	rimJ
AAC74151	yceH
AAC74152	yceM
AAC74153	murJ
AAC74154	flgN
AAC74155	flgM
AAC74156	flgA
AAC74157	flgB
AAC74158	flgC
AAC74159	flgD
AAC74160	flgE
AAC74161	flgF
AAC74162	flgG
AAC74163	flgH
AAC74164	flgI
AAC74165	flgJ
AAC74166	flgK
AAC74167	flgL
AAC74168	rne
AAC74169	yceQ
AAC74170	rluC
AAC74171	yceF
AAC74172	yceD
AAC74173	rpmF
AAC74174	plsX
AAC74175	fabH
AAC74176	fabD
AAC74177	fabG
AAC74178	acpP
AAC74179	fabF
AAC74180	pabC
AAC74181	yceG
AAC74182	tmk
AAC74183	holB
AAC74184	ycfH
AAC74185	ptsG
AAC74186	fhuE
AAC74187	hinT
AAC74188	ycfL
AAC74189	lpoB
AAC74190	thiK
AAC74191	nagZ
AAC74192	ycfP
AAC74193	ndh
AAC74194	ycfJ
AAC74195	ycfQ
AAC74196	bhsA
AAC74197	ldtC
AAC74198	mfd
AAC74199	ycfT
AAC74200	lolC
AAC74201	lolD
AAC74202	lolE
AAC74203	nagK
AAC74204	cobB
AAC74205	ycfZ
AAC74206	ymfA
AAC74207	potD
AAC74208	potC
AAC74209	potB
AAC74210	potA
AAC74211	pepT
AAC74212	roxA
AAC74213	phoQ
AAC74214	phoP
AAC74215	purB
AAC74216	hflD
AAC74217	mnmA
AAC74218	nudJ
AAC74219	rluE
AAC74220	icd
AAC74221	ymfD
AAC74222	ymfE
AAC74223	lit
AAC74224	intE
AAC74225	xisE
AAC74227	ymfI
AAC74228	ymfJ
AAC74229	cohE
AAC74230	croE
AAC74231	ymfL
AAC74232	ymfM
AAC74234	ymfR
AAC74237	ymfQ
AAC74238	stfP
AAC74239	tfaP
AAC74240	tfaE
AAC74242	pinE
AAC74243	mcrA
AAC74244	iraM
AAC74245	ycgX
AAC74246	bluR
AAC74247	bluF
AAC74248	ycgZ
AAC74249	ymgA
AAC74250	ariR
AAC74251	ymgC
AAC74252	ycgG
ABD18651	ymgF
AAC74255	ymgD
AAC74256	ymgG
ABP93440	ymgI
ABP93441	ymgJ
AAC74258	minE
AAC74259	minD
AAC74260	minC
AAC74261	ycgJ
AAC74262	pliG
AAC74263	ycgL
AAC74264	ycgM
AAC74265	ycgN
AAC74266	hlyE
AAC74267	umuD
AAC74268	umuC
AAC74269	dsbB
AAC74270	nhaB
AAC74271	fadR
AAC74272	ycgB
AAC74273	dadA
AAC74274	dadX
AAC74275	cvrA
AAC74276	ldcA
AAC74277	emtA
AAC74278	ycgR
AAC74279	ymgE
AAC74280	ycgY
AAC74281	treA
AAC74282	dhaM
AAC74283	dhaL
AAC74284	dhaK
AAC74285	dhaR
AAC74286	ycgV
AAC74287	ychF
AAC74288	pth
AAC74289	ychH
AAC74290	dauA
AAC74291	prs
AAC74292	ispE
AAC74293	lolB
AAC74294	hemA
AAC74295	prfA
AAC74296	prmC
AAC74297	ychQ
AAC74298	ychA
AAC74299	kdsA
AAT48126	ldrA
AAT48127	ldrB
AAT48128	ldrC
AAC74300	chaA
AAC74301	chaB
AAC74302	chaC
AAC74303	ychN
AAC74304	ychO
AAC74305	narL
AAC74306	narX
AAC74307	narK
AAC74308	narG
AAC74309	narH
AAC74310	narJ
AAC74311	narI
AAC74313	tpr
AAC74314	purU
AAC74315	ychJ
AAC74316	rssA
AAC74317	rssB
AAC74318	galU
AAC74319	hns
AAC74320	tdk
AAC74323	adhE
AAC74324	ychE
AAC74325	oppA
AAC74326	oppB
AAC74327	oppC
AAT48129	oppD
AAC74329	oppF
AAC74330	yciU
AAC74331	clsA
ABP93442	yciY
AAC74332	kch
AAC74333	yciI
AAC74334	tonB
AAC74335	yciA
AAC74336	yciB
AAC74337	yciC
AAC74338	ompW
AAC74339	yciE
AAC74340	yciF
AAC74341	yciG
AAC74342	trpA
AAC74343	trpB
AAC74344	trpC
AAC74345	trpD
AAC74346	trpE
AAC74347	trpL
AAC74348	yciV
AAC74349	yciO
AAC74350	yciQ
AAC74351	rluB
AAC74352	btuR
AAC74353	yciK
AAC74354	sohB
AAC74355	yciN
AAC74356	topA
AAC74357	cysB
ABD18655	ymiA
ABD18656	yciX
AAC74358	acnA
AAC74359	ribA
AAC74360	pgpB
AAC74361	yciS
AAC74362	yciM
AAC74363	pyrF
AAC74364	yciH
AAC74365	osmB
AAC74366	yciT
ABP93443	yciZ
AAC74367	gmr
ACO59991	ymiB
AAC74368	rnb
AAC74369	yciW
AAC74370	fabI
AAC74371	ycjD
AAC74372	sapF
AAC74373	sapD
AAC74374	sapC
AAC74375	sapB
AAC74376	sapA
AAC74377	ymjA
AAC74378	puuP
AAC74379	puuA
AAC74380	puuD
AAC74381	puuR
AAC74382	puuC
AAC74383	puuB
AAC74384	puuE
AAC74385	pspF
AAC74386	pspA
AAC74387	pspB
AAC74388	pspC
AAC74389	pspD
AAC74390	pspE
AAC74391	ycjM
AAC74392	ycjN
AAC74393	ycjO
AAC74394	ycjP
AAC74395	ycjQ
AAC74396	ycjR
AAC74397	ycjS
AAC74398	ycjT
AAC74399	ycjU
AAC74401	ompG
AAC74402	ycjW
AAC74403	ycjX
AAC74404	ycjF
AAC74405	tyrR
AAC74406	tpx
AAC74407	ycjG
AAC74408	mpaA
AAC74409	ycjY
AAC74410	pgrR
AAC74411	mppA
AAC74412	ynaI
AAC74413	insH1
AAC74414	ynaJ
AAC74415	uspE
AAC74416	fnr
AAC74417	ogt
AAC74418	abgT
AAC74419	abgB
AAC74420	abgA
AAC74421	abgR
AAC74422	smrA
AAC74423	ydaM
AAC74424	ydaN
AAC74425	dbpA
AAC74426	ttcA
AAC74427	intR
AAC74428	ydaQ
AAC74429	ydaC
AAC74430	ralR
AAC74431	recT
AAC74432	recE
AAC74433	racC
ABD18659	ydaE
AAC74434	kilR
AAC74435	sieB
AAC74436	ydaF
AAC74437	ydaG
AAC74438	racR
AAC74439	ydaS
AAC74440	ydaT
AAC74441	ydaU
AAC74442	ydaV
ABD18660	rzoR
AAC74445	trkG
AAC74447	ynaK
AAC74452	insH1
AAC74454	stfR
AAC74455	tfaR
AAC74456	pinR
AAC74457	ynaE
AAC74458	uspF
AAC74459	ompN
AAC74460	pfo
ABD18661	ydbJ
AAC74461	hslJ
AAC74462	ldhA
AAC74463	ydbH
AAC74464	ynbE
AAC74465	ydbL
AAC74466	feaR
AAC74467	feaB
AAC74468	tynA
AAC74469	paaZ
AAC74470	paaA
AAC74471	paaB
AAC74472	paaC
AAC74473	paaD
AAC74474	paaE
AAC74475	paaF
AAC74476	paaG
AAC74477	paaH
AAC74478	paaI
AAC74479	paaJ
AAC74480	paaK
AAC74481	paaX
AAC74482	paaY
ACO59992	ynbG
AAC74484	insD1
AAC74485	insC1
AAC74486	insI1
AAC74488	ydbC
AAC74489	ydbD
AAC74490	ynbA
AAC74491	ynbB
AAC74492	ynbC
AAC74493	ynbD
AAC74494	azoR
AAC74495	hrpA
AAC74496	ydcF
AAC74497	aldA
AAC74500	cybB
AAC74501	ydcA
AAT48130	hokB
AAC74502	mokB
AAC74503	trg
AAC74504	ydcI
AAC74505	ydcJ
AAC74506	opgD
AAC74508	ydcH
AAC74509	rimL
AAC74510	ydcK
AAC74511	tehA
AAC74512	tehB
AAC74513	ydcL
AAC74514	insQ
AAC74515	ydcO
AAC74516	ydcN
AAC74517	ydcP
AAC74518	yncJ
AAC74519	hicA
AAC74520	hicB
AAC74521	ydcR
AAC74522	ydcS
AAC74523	ydcT
AAC74524	ydcU
AAC74525	ydcV
AAC74526	patD
ABP93444	yncL
AAC74527	ydcX
AAC74528	ydcY
AAC74529	ydcZ
AAC74530	mnaT
AAC74531	curA
AAC74532	mcbR
AAC74533	yncD
AAC74534	yncE
AAC74535	ansP
AAC74536	yncG
AAC74537	yncH
AAC74539	ydcD
AAC74542	ydcC
AAC74543	pptA
AAC74544	yddH
AAC74545	nhoA
AAC74546	yddE
AAC74547	narV
AAC74548	narW
AAC74549	narY
AAC74550	narZ
AAD13433	narU
AAD13437	yddG
AAD13438	fdnG
AAD13439	fdnH
AAD13440	fdnI
AAD13441	yddM
AAC74551	adhP
AAC74552	maeA
AAC74553	sra
AAC74554	bdm
AAC74555	osmC
AAC74556	ddpF
AAC74557	ddpD
AAC74558	ddpC
AAC74559	ddpB
AAC74560	ddpA
AAC74561	ddpX
AAC74562	dosP
AAC74563	dosC
AAC74564	yddW
AAC74565	gadC
AAC74566	gadB
AAC74567	pqqL
AAC74568	yddB
AAC74569	yddA
AAC74570	ydeM
AAC74571	ydeN
AAC74572	ydeO
AAC74573	safA
AAC74574	ydeP
AAC74575	ydeQ
AAC74576	ydeR
AAC74577	ydeS
AAC74580	hipA
AAC74581	hipB
AAC74584	lsrK
AAC74585	lsrR
AAC74586	lsrA
AAC74587	lsrC
AAC74588	lsrD
AAC74589	lsrB
AAC74590	lsrF
AAC74591	lsrG
AAC74592	tam
AAC74593	yneE
AAT48131	uxaB
AAC74595	yneF
AAC74596	yneG
AAC74597	glsB
AAC74598	sad
AAC74599	yneJ
AAC74600	yneK
AAC74601	ydeA
AAC74602	marC
AAC74603	marR
AAC74604	marA
AAC74605	marB
AAC74606	eamA
AAC74607	ydeE
ABP93445	yneM
AAC74608	dgcZ
AAC74609	ydeI
AAC74610	ydeJ
AAC74611	dcp
AAC74612	ydfG
AAC74613	rspR
AAC74614	ydfZ
AAC74615	ydfI
AAC74617	ydfK
AAC74618	pinQ
AAC74619	tfaQ
AAC74620	stfQ
ABD18667	ynfO
AAC74622	ydfO
AAC74623	gnsB
AAC74624	ynfN
AAC74625	cspI
AAC74626	rzpQ
ACO59993	rzoQ
AAC74627	rrrQ
AAC74628	ydfR
AAC74629	essQ
AAC74630	cspB
AAC74631	cspF
AAC74632	quuQ
AAC74633	ydfU
AAC74634	rem
AAC74635	hokD
AAC74636	relE
AAC74637	relB
AAC74638	ydfV
AAC74639	flxA
AAC74642	dicC
AAC74643	dicA
AAC74644	ydfA
AAC74645	ydfB
AAC74646	ydfC
AAC74647	dicB
AAC74648	ydfD
AAC74652	rspB
AAC74653	rspA
AAC74654	ynfA
AAC74655	ynfB
AAC74656	speG
AAC74657	ynfC
AAC74658	ynfD
AAC74659	ynfE
AAC74660	ynfF
AAC74661	ynfG
AAC74662	ynfH
AAC74663	dmsD
AAC74664	clcB
AAC74665	ynfK
AAC74666	mlc
AAC74667	ynfL
AAC74668	ynfM
AAC74669	asr
ABP93446	ydgU
AAC74670	ydgD
AAC74671	mdtI
AAC74672	mdtJ
AAC74673	tqsA
AAC74674	pntB
AAC74675	pntA
AAC74676	ydgH
AAC74677	ydgI
AAC74678	folM
AAC74679	ydgC
AAC74680	rstA
AAC74681	rstB
AAC74682	tus
AAC74683	fumC
AAC74684	fumA
AAC74685	manA
AAC74686	ydgA
AAC74687	uidC
AAC74688	uidB
AAC74689	uidA
AAC74690	uidR
AAC74691	hdhA
AAC74692	malI
AAC74693	malX
AAC74694	malY
AAC74695	add
AAC74696	ydgJ
AAT48132	blr
AAC74697	cnu
AAC74698	ydgK
AAC74699	rsxA
AAC74700	rsxB
AAC74701	rsxC
AAC74702	rsxD
AAC74703	rsxG
AAC74704	rsxE
AAC74705	nth
AAC74706	dtpA
AAC74707	gstA
AAC74708	pdxY
AAC74709	tyrS
AAC74710	pdxH
AAC74711	mliC
AAC74712	anmK
AAT48133	slyB
AAC74714	slyA
AAC74715	ydhI
AAC74716	ydhJ
AAC74717	ydhK
AAC74718	sodC
AAT48134	ydhF
AAC74720	ydhL
AAC74721	nemR
AAC74722	nemA
AAC74723	gloA
AAC74724	rnt
AAC74725	lhr
AAC74726	grxD
AAC74727	mepH
AAC74728	sodB
AAC74729	ydhP
ABP93447	ynhF
AAC74730	purR
AAC74731	ydhB
AAT48135	ydhC
AAC74733	cfa
AAC74734	ribC
AAT48136	mdtK
AAC74736	ydhQ
AAC74737	ydhR
AAC74738	ydhS
AAC74739	ydhT
AAC74740	ydhU
AAC74741	ydhX
AAC74742	ydhW
AAC74743	ydhV
AAC74744	ydhY
AAC74745	ydhZ
AAC74746	pykF
AAC74747	lpp
AAC74748	ldtE
AAC74749	sufE
AAC74750	sufS
AAC74751	sufD
AAC74752	sufC
AAC74753	sufB
AAC74754	sufA
AAC74755	ydiH
AAC74756	menI
AAC74757	ydiJ
AAC74758	ydiK
AAC74759	ydiL
AAC74760	ydiM
AAC74761	ydiN
AAC74762	ydiB
AAC74763	aroD
AAC74764	ydiF
AAC74765	ydiO
AAC74766	ydiP
AAC74767	ydiQ
AAC74768	ydiR
AAC74769	ydiS
AAC74770	ydiT
AAC74771	fadK
AAC74772	ppsA
AAC74773	ppsR
AAC74774	aroH
AAC74775	ydiE
AAC74776	ydiU
AAC74777	ydiV
AAC74778	nlpC
AAC74779	btuD
AAC74780	btuE
AAC74781	btuC
AAC74782	ihfA
AAC74783	pheT
AAC74784	pheS
AAC74785	pheM
AAC74786	rplT
AAC74787	rpmI
AAC74788	infC
AAC74789	thrS
ABD18671	yniD
AAC74792	ydiY
AAC74793	pfkB
AAC74794	ydiZ
AAC74795	yniA
AAC74796	yniB
AAC74797	yniC
AAC74798	ydjM
AAC74799	ydjN
AAC74800	ydjO
AAC74801	cedA
AAT48137	katE
AAC74803	chbG
AAC74804	chbF
AAC74805	chbR
AAC74806	chbA
AAC74807	chbC
AAC74808	chbB
AAC74809	osmE
AAC74810	nadE
AAC74811	cho
AAC74812	ves
AAC74813	spy
AAC74814	astE
AAC74815	astB
AAC74816	astD
AAC74817	astA
AAC74818	astC
AAC74819	xthA
AAC74820	ydjX
AAC74821	ydjY
AAC74822	ydjZ
AAC74823	ynjA
AAC74824	ynjB
AAC74825	ynjC
AAC74826	ynjD
AAC74827	ynjE
AAC74828	ynjF
AAC74829	nudG
AAC74830	ynjH
AAC74831	gdhA
AAC74832	ynjI
AAC74833	topB
AAC74834	selD
AAC74835	ydjA
AAC74836	sppA
AAC74837	ansA
AAC74838	pncA
AAC74839	ydjE
AAC74840	ydjF
AAC74841	ydjG
AAC74842	ydjH
AAC74843	ydjI
AAC74844	ydjJ
AAC74845	ydjK
AAC74846	ydjL
AAC74847	yeaC
AAC74848	msrB
AAC74849	gapA
AAC74850	yeaD
AAC74851	yeaE
AAC74852	mipA
AAC74853	yeaG
AAC74854	yeaH
AAC74855	yeaI
AAC74856	yeaJ
AAC74857	yeaK
AAC74858	yoaI
AAC74859	yeaL
AAC74860	yeaM
AAC74861	yeaN
AAC74862	yeaO
AAC74863	yoaF
AAC74864	yeaP
ACO59994	yoaK
ACO59995	yoaJ
AAC74865	yeaQ
AAC74866	yoaG
AAC74867	yeaR
AAC74868	leuE
AAC74869	dmlR
AAC74870	dmlA
AAC74871	yeaV
AAC74872	yeaW
AAC74873	yeaX
AAC74874	rnd
AAC74875	fadD
AAC74876	yeaY
AAC74877	tsaB
AAC74878	yoaA
AAC74879	yoaB
AAC74880	yoaC
AAC74881	yoaH
AAC74882	pabB
AAC74883	nudL
AAC74884	sdaA
AAC74885	yoaD
AAC74886	yoaE
AAC74887	manX
AAC74888	manY
AAC74889	manZ
AAC74890	yobD
AAC74891	mntP
AAC74892	rlmA
AAC74893	cspC
AAC74894	yobF
AAC74895	yebO
AAC74896	mgrB
ABD18672	yobH
AAC74897	kdgR
AAC74898	yebQ
AAC74899	htpX
AAC74900	prc
AAC74901	proQ
AAC74902	msrC
AAC74903	yebS
AAC74904	yebT
AAC74905	rsmF
AAC74906	yebV
AAC74907	yebW
AAC74908	pphA
AAC74909	yebY
AAC74910	yebZ
AAC74911	yobA
AAC74912	holE
AAC74913	yobB
AAC74914	exoX
AAC74915	ptrB
AAC74916	yebE
AAC74917	yebF
AAC74918	yebG
AAC74919	purT
AAC74920	eda
AAC74921	edd
AAC74922	zwf
AAC74923	yebK
AAC74924	pykA
AAC74925	lpxM
AAC74926	mepM
AAC74927	znuA
AAC74928	znuC
AAC74929	znuB
AAC74930	ruvB
AAC74931	ruvA
ACO59996	yobI
AAC74932	yebB
AAC74933	ruvC
AAC74934	yebC
AAC74935	nudB
AAC74936	aspS
AAC74937	yecD
AAC74938	yecE
AAC74939	yecN
AAC74940	cmoA
AAC74941	cmoB
AAC74942	torZ
AAC74943	torY
AAC74944	cutC
AAC74945	yecM
AAC74946	argS
AAC74947	yecT
AAC74948	flhE
AAC74949	flhA
AAC74950	flhB
AAC74951	cheZ
AAC74952	cheY
AAC74953	cheB
AAC74954	cheR
AAC74955	tap
AAC74956	tar
AAC74957	cheW
AAC74958	cheA
AAC74959	motB
AAC74960	motA
AAC74961	flhC
AAC74962	flhD
AAC74963	insB1
AAC74964	insA
AAC74965	uspC
AAC74966	otsA
AAC74967	otsB
AAT48138	araH
AAC74970	araG
AAC74971	araF
AAC74972	ftnB
AAC74973	yecJ
ACO59997	azuC
AAC74974	yecR
AAC74975	ftnA
AAC74976	yecH
AAC74977	tyrP
AAC74978	yecA
AAC74979	pgsA
AAC74980	uvrC
AAC74981	uvrY
AAC74982	yecF
AAC74983	sdiA
AAC74984	yecC
AAC74985	yecS
AAC74986	dcyD
AAC74987	fliY
AAC74988	fliZ
AAC74989	fliA
AAC74990	fliC
AAC74991	fliD
AAC74992	fliS
AAC74993	fliT
AAC74994	amyA
AAC74995	yedD
AAC74996	yedE
AAC74997	yedF
AAT48139	yedK
AAC74999	yedL
AAC75004	fliE
AAC75005	fliF
AAC75006	fliG
AAC75007	fliH
AAC75008	fliI
AAC75009	fliJ
AAC75010	fliK
AAC75011	fliL
AAC75012	fliM
AAC75013	fliN
AAC75014	fliO
AAC75015	fliP
AAC75016	fliQ
AAC75017	fliR
AAC75018	rcsA
AAC75019	dsrB
AAC75020	yodD
AAC75021	yedP
AAC75022	yedQ
AAC75023	yodC
AAC75024	yedI
AAC75025	yedA
AAC75026	vsr
AAC75027	dcm
AAC75028	yedJ
AAC75029	yedR
AAC75033	hchA
AAC75034	yedV
AAC75035	yedW
AAC75036	hiuH
AAC75037	yedY
AAC75038	yedZ
AAC75039	zinT
AAC75040	yodB
AAC75041	mtfA
AAC75042	yeeJ
AAC75045	shiA
AAC75046	amn
AAC75047	yeeN
AAC75048	yeeO
AAC75049	cbl
AAC75050	nac
AAC75051	ldtA
AAC75052	cobT
AAC75053	cobS
AAC75054	cobU
AAC75055	insH1
AAC75057	insD1
AAT48140	insC1
AAT48141	flu
AAC75062	yeeR
AAC75063	yeeS
AAC75064	yeeT
AAC75065	cbeA
AAC75066	cbtA
AAC75068	yeeX
AAC75069	yeeA
AAC75070	sbmC
AAC75071	dacD
AAC75072	sbcB
AAC75073	yeeD
AAC75074	yeeE
AAC75075	plaP
ACO59998	yoeI
AAC75076	yeeY
AAC75077	yeeZ
ABD18681	yoeB
AAC75078	yefM
AAC75079	hisL
AAC75080	hisG
AAC75081	hisD
AAC75082	hisC
AAC75083	hisB
AAC75084	hisH
AAC75085	hisA
AAC75086	hisF
AAC75087	hisI
AAC75088	wzzB
AAC75089	ugd
AAC75090	gnd
AAC75091	insH1
AAC75093	wbbK
AAC75094	wbbJ
AAC75095	wbbI
AAC75096	wbbH
AAC75097	glf
AAC75098	wzxB
AAC75099	rfbC
AAC75100	rfbA
AAC75101	rfbD
AAC75102	rfbB
AAC75103	wcaN
AAC75104	wcaM
AAC75105	wcaL
AAC75106	wcaK
AAC75107	wzxC
AAC75108	wcaJ
AAC75109	cpsG
AAC75110	cpsB
AAC75111	wcaI
AAC75112	wcaH
AAC75113	wcaG
AAC75114	gmd
AAC75115	wcaF
AAC75116	wcaE
AAC75117	wcaD
AAC75118	wcaC
AAC75119	wcaB
AAC75120	wcaA
AAC75121	wzc
AAC75122	wzb
AAC75123	wza
AAC75124	yegH
AAC75125	asmA
AAC75126	dcd
AAC75127	udk
AAC75128	yegE
AAC75129	alkA
AAC75130	yegD
AAC75131	yegI
AAC75132	yegJ
AAC75133	yegK
AAC75134	yegL
ACO59999	ibsA
ACO60000	ibsB
AAC75135	mdtA
AAC75136	mdtB
AAC75137	mdtC
AAC75138	iceT
AAC75139	baeS
AAC75140	baeR
AAC75141	yegP
AAC75142	yegQ
AAC75143	ogrK
AAC75146	yegR
AAC75147	yegS
AAC75149	insE1
AAC75150	insF1
AAC75152	gatD
AAC75154	gatB
AAC75155	gatA
AAC75156	gatZ
AAC75157	gatY
AAC75158	fbaB
AAC75159	yegT
AAC75160	yegU
AAC75161	yegV
AAC75162	yegW
AAC75163	yegX
AAC75164	thiD
AAC75165	thiM
AAC75166	rcnR
AAC75167	rcnA
AAC75168	rcnB
AAC75169	yehA
AAC75170	yehB
AAC75171	yehC
AAC75172	yehD
AAC75173	yehE
AAC75174	mrp
AAC75175	metG
AAC75179	yehI
ABD18687	yehK
AAC75180	yehL
AAC75181	yehM
AAC75182	yehP
AAC75184	yehR
AAC75185	yehS
AAC75186	yehT
AAC75187	yehU
AAC75188	mlrA
ABD18688	yohO
AAC75189	yehW
AAC75190	yehX
AAC75191	yehY
AAC75192	osmF
AAC75193	bglX
AAC75194	dld
AAC75195	pbpG
AAC75196	yohC
AAC75197	yohD
AAC75198	yohF
ACO60001	yohP
AAC75201	dusC
AAC75202	yohJ
AAC75203	yohK
AAC75204	cdd
AAC75205	sanA
AAC75206	yeiS
AAC75207	preT
AAC75208	preA
AAC75209	mglC
AAC75210	mglA
AAC75211	mglB
AAC75212	galS
AAC75213	yeiB
AAC75214	folE
AAC75215	yeiG
AAC75216	cirA
AAC75217	lysP
AAC75218	yeiE
AAC75219	yeiH
AAC75220	nfo
AAC75221	yeiI
AAC75222	nupX
AAC75223	rihB
AAC75224	yeiL
AAC75225	psuT
AAC75226	psuG
AAC75227	psuK
AAC75228	fruA
AAC75229	fruK
AAC75230	fruB
AAC75231	setB
ABD18689	yeiW
AAC75232	yeiP
AAC75233	yeiQ
AAC75234	yeiR
AAC75235	lpxT
AAC75236	mepS
AAC75237	rtn
AAC75238	yejA
AAC75239	yejB
AAC75240	yejE
AAC75241	yejF
AAC75242	yejG
AAC75243	bcr
AAC75244	rsuA
AAC75245	yejH
AAC75246	rplY
AAC75247	yejK
AAC75248	yejL
AAC75249	yejM
AAC75252	insH1
AAC75253	narP
AAC75254	ccmH
AAC75255	dsbE
AAC75256	ccmF
AAC75257	ccmE
AAC75258	ccmD
AAC75259	ccmC
AAC75260	ccmB
AAC75261	ccmA
AAC75262	napC
AAC75263	napB
AAC75264	napH
AAC75265	napG
AAC75266	napA
AAC75267	napD
AAC75268	napF
AAC75269	eco
AAC75270	mqo
AAC75271	yojI
AAC75272	alkB
AAC75273	ada
AAC75274	apbE
AAC75275	ompC
AAC75276	rcsD
AAC75277	rcsB
AAC75278	rcsC
AAC75279	atoS
AAC75280	atoC
AAC75281	atoD
AAC75282	atoA
AAC75283	atoE
AAC75284	atoB
AAC75285	yfaP
AAC75286	yfaQ
AAC75289	yfaT
AAC75290	yfaA
AAC75291	gyrA
AAC75292	ubiG
AAC75293	yfaL
AAC75294	nrdA
AAC75295	nrdB
AAC75296	yfaE
AAC75297	inaA
AAC75299	glpQ
AAC75300	glpT
AAC75301	glpA
AAC75302	glpB
AAC75303	glpC
AAC75304	yfaD
AAC75305	rhmA
AAC75306	rhmT
AAC75307	rhmD
AAC75308	rhmR
AAC75309	yfaY
AAC75310	yfaZ
AAC75311	nudI
AAC75312	ais
AAC75313	arnB
AAC75314	arnC
AAC75315	arnA
AAC75316	arnD
AAC75317	arnT
ABD18693	arnE
AAC75318	arnF
AAC75319	pmrD
AAC75320	menE
AAC75321	menC
AAC75322	menB
AAC75323	menH
AAC75324	menD
AAC75325	menF
AAC75326	elaB
AAC75327	elaA
AAC75328	rbn
AAC75329	elaD
AAC75330	yfbK
AAC75331	yfbL
AAC75332	yfbM
AAC75333	yfbN
AAC75334	yfbO
AAC75335	yfbP
AAC75336	nuoN
AAC75337	nuoM
AAC75338	nuoL
AAC75339	nuoK
AAC75340	nuoJ
AAC75341	nuoI
AAC75342	nuoH
AAC75343	nuoG
AAC75344	nuoF
AAC75345	nuoE
AAC75346	nuoC
AAC75347	nuoB
AAC75348	nuoA
AAC75349	lrhA
AAC75350	alaA
AAC75351	yfbR
AAC75352	yfbS
AAC75353	yfbT
AAC75354	yfbU
AAC75355	yfbV
AAC75356	ackA
AAC75357	pta
AAC75358	yfcC
AAC75359	yfcD
AAC75360	yfcE
AAC75361	yfcF
AAC75362	yfcG
AAC75363	folX
AAC75364	yfcH
AAC75365	yfcI
AAC75366	hisP
AAC75367	hisM
AAC75368	hisQ
AAC75369	hisJ
AAC75370	argT
AAC75371	ubiX
AAC75372	purF
AAC75373	cvpA
AAC75374	dedD
AAC75375	folC
AAC75376	accD
AAC75377	dedA
AAC75378	truA
AAC75379	usg
AAC75380	pdxB
AAC75381	flk
AAC75382	yfcJ
AAC75383	fabB
AAC75384	mnmC
AAC75385	yfcL
AAC75386	epmC
AAC75387	yfcA
AAC75388	mepA
AAC75389	aroC
AAC75390	prmB
AAC75391	smrB
AAC75392	yfcO
AAC75393	yfcP
AAC75394	yfcQ
AAC75395	yfcR
AAC75396	yfcS
AAC75399	yfcV
AAC75400	sixA
AAC75401	fadJ
AAC75402	fadI
AAC75403	yfcZ
AAC75404	fadL
AAC75405	yfdF
AAC75406	mlaA
AAC75407	yfdC
AAC75408	intS
AAC75409	gtrA
AAC75410	gtrB
AAC75411	gtrS
AAC75413	yfdK
AAC75416	yfdN
AAC75418	yfdP
AAC75419	yfdQ
AAC75420	yfdR
AAC75421	yfdS
AAC75422	yfdT
ABD18695	torI
AAC75423	dsdC
AAC75424	dsdX
AAC75425	dsdA
AAC75426	emrY
AAC75427	emrK
AAC75428	evgA
AAC75429	evgS
AAC75430	yfdE
AAC75431	yfdV
AAC75432	oxc
AAC75433	frc
AAC75434	yfdX
AAC75435	ypdI
AAC75436	yfdY
AAC75437	lpxP
ACO60002	ypdK
AAC75438	alaC
AAC75439	ypdA
AAC75440	ypdB
AAC75441	ypdC
AAC75442	fryA
AAC75443	ypdE
AAC75444	ypdF
AAC75445	fryC
AAC75446	fryB
AAC75447	glk
AAC75448	yfeO
AAC75449	ypeC
AAC75451	mntH
AAC75452	nupC
AAC75453	insL1
AAC75454	yfeA
AAC75455	yfeC
AAC75456	yfeD
AAC75457	gltX
AAC75458	xapR
AAC75459	xapB
AAC75460	xapA
AAC75461	yfeN
AAC75462	yfeR
AAC75463	yfeH
ABD18696	ypeB
AAC75464	ligA
AAC75465	zipA
AAC75466	cysZ
AAC75467	cysK
AAC75468	ptsH
AAC75469	ptsI
AAC75470	crr
AAC75471	pdxK
AAC75472	yfeK
AAC75473	yfeS
AAC75474	cysM
AAC75475	cysA
AAC75476	cysW
AAC75477	cysU
AAC75478	cysP
AAC75479	ucpA
AAC75480	murR
AAC75481	murQ
AAC75482	murP
AAC75483	yfeW
AAC75484	yfeX
AAC75485	yfeY
AAC75486	yfeZ
AAC75487	ypeA
AAC75488	amiA
AAC75489	hemF
AAC75490	eutR
AAC75491	eutK
AAC75492	eutL
AAC75493	eutC
AAC75494	eutB
AAC75495	intZ
AAC75496	yffL
AAC75497	yffM
AAC75498	yffN
AAC75499	yffO
AAC75500	yffP
AAC75501	yffQ
AAC75502	yffR
AAC75503	yffS
AAC75504	eutA
AAC75505	eutH
AAC75506	eutG
AAC75507	eutJ
AAC75508	eutE
AAC75509	eutN
AAC75510	eutM
AAC75511	eutD
AAC75512	eutT
AAC75513	eutQ
AAC75514	eutP
AAC75515	eutS
AAC75516	maeB
AAC75517	talA
AAC75518	tktB
AAC75519	ypfG
AAC75520	nudK
AAC75521	aegA
AAC75522	narQ
AAC75523	acrD
ABP93450	ypfM
AAC75524	yffB
AAC75525	dapE
ABD18697	ypfN
AAC75526	ypfH
AAC75527	tmcA
AAC75528	ypfJ
AAC75529	purC
AAC75530	bamC
AAC75531	dapA
AAC75532	gcvR
AAC75533	bcp
AAC75534	hyfA
AAC75535	hyfB
AAC75536	hyfC
AAC75537	hyfD
AAC75538	hyfE
AAC75539	hyfF
AAC75540	hyfG
AAC75541	hyfH
AAC75542	hyfI
AAC75543	hyfJ
AAC75544	hyfR
AAC75545	focB
AAC75546	yfgO
AAC75547	bepA
AAC75548	yfgD
AAC75549	hda
AAC75550	uraA
AAC75551	upp
AAC75552	purM
AAC75553	purN
AAC75554	ppk
AAC75555	ppx
AAC75556	yfgF
AAC75557	yfgG
AAC75558	yfgH
AAC75559	yfgI
AAC75560	guaA
AAC75561	guaB
AAC75562	xseA
AAC75563	yfgJ
AAC75564	der
AAC75565	bamB
AAC75566	yfgM
AAC75567	hisS
AAC75568	ispG
AAC75569	rodZ
AAC75570	rlmN
AAC75571	ndk
AAC75572	pbpC
AAC75573	yfhM
AAC75574	sseA
AAC75575	sseB
AAC75576	pepB
AAC75577	iscX
AAC75578	fdx
AAC75579	hscA
AAC75580	hscB
AAC75581	iscA
AAC75582	iscU
AAT48142	iscS
AAC75584	iscR
AAC75585	trmJ
AAC75586	suhB
AAC75587	yfhR
AAC75588	csiE
AAC75589	hcaT
AAC75590	hcaR
AGW80435	iroK
AAC75591	hcaE
AAC75592	hcaF
AAC75593	hcaC
AAC75594	hcaB
AAC75595	hcaD
AAC75596	yphA
AAC75597	yphB
AAC75598	yphC
AAC75599	yphD
AAC75600	yphE
AAC75601	yphF
AAC75602	yphG
AAC75603	yphH
AAC75604	glyA
AAC75605	hmp
AAC75606	glnB
AAC75607	glrR
AAC75608	yfhG
AAC75609	glrK
AAT48143	purL
AAC75611	mltF
AAC75612	tadA
AAC75613	pgpC
AAC75614	yfhH
AAC75615	yfhL
ACO60003	shoB
AAC75616	acpS
AAC75617	pdxJ
AAC75618	recO
AAC75619	era
AAC75620	rnc
AAC75621	lepB
AAC75622	lepA
AAC75623	rseC
AAC75624	rseB
AAC75625	rseA
AAC75626	rpoE
AAC75627	nadB
AAC75628	trmN
AAC75629	srmB
AAC75630	yfiE
AAC75631	eamB
AAC75632	grcA
AAC75633	ung
AAC75634	yfiF
AAC75635	trxC
AAC75636	yfiP
AAC75637	pka
AAC75638	pssA
AAC75639	yfiM
AAC75640	kgtP
AAC75641	clpB
AAC75642	yfiH
AAC75643	rluD
AAC75644	bamD
AAC75646	raiA
AAC75647	pheL
AAC75648	pheA
AAC75649	tyrA
AAC75650	aroF
AAC75651	yfiL
AAC75652	yfiR
AAC75653	yfiN
AAC75654	yfiB
AAC75655	rplS
AAC75656	trmD
AAC75657	rimM
AAC75658	rpsP
AAC75659	ffh
AAC75660	ypjD
AAT48144	yfjD
AAC75663	grpE
AAC75664	nadK
AAT48145	recN
AAC75666	bamE
AAC75667	ratB
AAC75668	ratA
AAC75669	smpB
AAC75670	intA
AAC75671	yfjH
AAC75672	alpA
AAC75673	yfjI
AAC75674	yfjJ
AAC75675	yfjK
AAC75676	yfjL
AAC75677	yfjM
AAC75678	rnlA
AAC75679	rnlB
AAT48146	yfjP
AAC75681	yfjQ
AAC75682	yfjR
AAC75683	ypjK
AAC75684	yfjS
AAC75685	yfjT
AAC75690	yfjW
AAC75691	yfjX
AAC75692	yfjY
ABD18698	ypjJ
AAC75693	yfjZ
AAC75694	ypjF
AAC75695	ypjA
AAC75706	csiD
AAC75707	lhgO
AAC75708	gabD
AAC75709	gabT
AAC75710	gabP
AAC75711	csiR
AAC75712	ygaU
AAC75713	yqaE
AAC75714	ygaV
AAC75715	ygaP
AAC75716	stpA
AAC75717	alaE
AAC75718	ygaC
AAC75719	ygaM
AAC75720	nrdH
AAC75721	nrdI
AAC75722	nrdE
AAC75723	nrdF
AAC75724	proV
AAC75725	proW
AAC75726	proX
AAC75729	ygaZ
AAC75730	ygaH
AAC75731	mprA
AAC75732	emrA
AAC75733	emrB
AAC75734	luxS
AAC75735	gshA
AAC75736	yqaA
AAC75737	yqaB
AAC75738	csrA
AAC75739	alaS
AAC75740	recX
AAC75741	recA
AAC75742	pncC
AAC75743	mltB
AAT48148	srlA
AAT48149	srlE
AAC75746	srlB
AAC75747	srlD
AAC75748	srlM
AAC75749	srlR
AAC75750	srlQ
AAC75751	norR
AAC75752	norV
AAC75753	norW
AAC75754	hypF
AAC75755	hydN
AAC75756	ascG
AAT48150	ascF
AAC75758	ascB
AAC75759	hycI
AAC75760	hycH
AAC75761	hycG
AAC75762	hycF
AAC75763	hycE
AAC75764	hycD
AAC75765	hycC
AAC75766	hycB
AAC75767	hycA
AAC75768	hypA
AAC75769	hypB
AAC75770	hypC
AAC75771	hypD
AAC75772	hypE
AAC75773	fhlA
AAC75774	ygbA
AAC75775	mutS
AAC75776	pphB
AAC75777	ygbI
AAC75778	ygbJ
AAC75779	ygbK
AAC75780	ygbL
AAC75781	ygbM
AAC75782	ygbN
AAC75783	rpoS
AAC75784	nlpD
AAC75785	pcm
AAC75786	umpG
AAC75787	truD
AAC75788	ispF
AAC75789	ispD
AAC75790	ftsB
AAC75791	ygbE
AAC75792	cysC
AAC75793	cysN
AAC75794	cysD
AAC75795	iap
AAC75796	ygbF
AAC75797	ygbT
AAC75798	casE
AAC75799	casD
AAC75800	casC
AAC75801	casB
AAC75802	casA
AAC75803	ygcB
AAC75804	cysH
AAC75805	cysI
AAC75806	cysJ
AAC75807	queD
AAC75808	ygcN
AAC75809	ygcO
AAC75810	ygcP
AAC75811	ygcQ
AAC75812	ygcR
AAC75813	ygcS
AAT48151	ygcU
AAC75816	ygcW
AAC75817	yqcE
AAC75818	ygcE
AAC75819	queE
ACO60004	yqcG
AAC75820	ygcG
AAC75821	eno
AAC75822	pyrG
AAC75823	mazG
AAC75824	mazF
AAC75825	mazE
AAC75826	relA
AAC75827	rlmD
AAC75828	barA
AAC75829	gudD
AAC75830	gudX
AAC75831	gudP
AAC75832	yqcA
AAC75833	truC
AAC75834	yqcC
AAC75835	syd
AAC75836	queF
AAC75837	ygdH
AAC75838	sdaC
AAC75839	sdaB
AAC75840	ygdG
AAC75841	fucO
AAC75842	fucA
AAC75843	fucP
AAC75844	fucI
AAC75845	fucK
AAC75846	fucU
AAC75847	fucR
AAC75848	rlmM
AAC75849	ygdD
AAC75850	gcvA
AAC75851	ygdI
AAC75852	csdA
AAC75853	csdE
AAC75854	tcdA
AAC75855	mltA
AAC75856	amiC
AAC75857	argA
AAC75858	recD
AAC75859	recB
AAC75860	ptrA
AAC75861	recC
AAC75862	ppdC
AAC75863	ygdB
AAC75864	ppdB
AAC75865	ppdA
AAC75866	thyA
AAC75867	lgt
AAC75868	ptsP
AAC75869	rppH
AAC75870	mutH
AAC75871	ygdQ
AAC75872	ygdR
AAC75873	tas
AAC75874	lplT
AAC75875	aas
AAC75876	galR
AAC75877	lysA
AAC75878	lysR
AAC75879	ygeA
AAC75880	araE
AAC75881	kduD
AAC75882	kduI
AAC75883	yqeF
AAC75884	yqeG
AAC75885	yqeH
AAC75886	yqeI
AAC75887	yqeJ
ACO60005	yqeL
AAC75888	yqeK
AAC75890	ygeG
AAC75891	ygeH
AAC75892	ygeI
AAC75899	insD1
AAC75900	insC1
AAC75903	ygeR
AAC75904	xdhA
AAC75905	xdhB
AAC75906	xdhC
AAC75907	ygeV
AAT48152	ygeW
AAC75909	ygeX
AAC75910	ygeY
AAC75911	hyuA
AAC75912	yqeA
AAC75913	yqeB
AAC75914	yqeC
AAC75915	mocA
AAC75916	ygfK
AAC75917	ssnA
AAC75918	ygfM
AAC75919	xdhD
AAC75920	xanQ
AAC75921	guaD
AAT48153	ghxQ
AAC75924	ygfS
AAC75925	ygfT
AAC75926	uacT
ACO60006	yqfG
AAC75927	idi
AAC75928	lysS
AAC75929	prfB
AAC75930	recJ
AAC75931	dsbC
AAC75932	xerD
AAC75933	fldB
AAC75934	cptA
AAC75935	sdhE
AAC75936	ygfZ
AAC75937	yqfA
AAC75938	yqfB
AAC75939	bglA
AAC75940	ygfF
AAC75941	gcvP
AAC75942	gcvH
AAC75943	gcvT
AAC75944	ubiI
AAC75945	ubiH
AAC75946	pepP
AAC75947	ygfB
AAC75948	zapA
AAC75949	fau
ACO60007	ibsC
AAC75950	serA
AAC75951	rpiA
AAC75953	argP
AAC75954	scpA
AAC75955	argK
AAC75956	scpB
AAC75957	scpC
AAC75958	ygfI
AAC75959	yggE
AAC75960	argO
AAC75961	mscS
AAC75962	fbaA
AAC75963	pgk
AAC75964	epd
AAC75965	yggC
AAC75966	yggD
AAC75967	yggF
AAT48154	yggP
AAC75970	cmtA
AAC75971	cmtB
AAT48155	tktA
AAC75973	loiP
AAC75974	speB
AAC75975	speA
AAC75976	yqgB
AAC75977	yqgC
AAC75979	metK
AAC75980	galP
AAC75981	yggI
AAC75982	endA
AAC75983	rsmE
AAC75984	gshB
AAC75985	yqgE
AAC75986	yqgF
AAC75987	yggR
AAC75988	yggS
AAC75989	yggT
AAC75990	yggU
AAC75991	rdgB
AAC75992	yggW
AAC75993	yggM
AAC75994	ansB
AAC75995	yggN
AAC75996	yggL
AAC75997	trmI
AAC75998	mutY
AAC75999	yggX
AAC76000	mltC
AAC76001	nupG
AAC76002	speC
AAC76003	yqgA
AAC76004	yghD
AAC76007	yghG
AAC76008	pppA
AAT48156	sslE
AAC76011	glcA
AAC76012	glcB
AAC76013	glcG
AAT48157	glcF
AAT48158	glcE
AAC76015	glcD
AAC76016	glcC
AAC76018	insH1
AAT48159	yghQ
AAC76020	yghR
AAC76021	yghS
AAC76022	yghT
AAC76023	pitB
AAC76024	gss
AAC76025	yghU
AAC76026	hybG
AAC76027	hybF
AAC76028	hybE
AAC76029	hybD
AAC76030	hybC
AAC76031	hybB
AAC76032	hybA
AAC76033	hybO
AAC76034	yghW
AAC76037	gpr
AAC76038	yqhA
AAC76039	yghA
AAC76041	exbD
AAC76042	exbB
AAC76044	metC
AAC76045	yghB
AAC76046	yqhC
AAC76047	yqhD
AAC76048	dkgA
AAT48160	yqhG
AAC76050	yqhH
AAT48161	ygiQ
AAC76053	ftsP
AAC76054	plsC
AAC76055	parC
AAC76056	ygiS
AAC76057	mqsA
AAC76058	mqsR
AAT48162	ygiV
AAC76060	ygiW
AAC76061	qseB
AAC76062	qseC
AAC76063	ygiZ
AAC76064	mdaB
AAC76065	ygiN
AAC76066	parE
AAC76067	yqiA
AAC76068	cpdA
AAC76069	yqiB
AAC76070	nudF
AAC76071	tolC
AAC76073	ygiB
AAC76074	ygiC
AAC76075	ygiD
AAC76076	zupT
AAC76077	ribB
AAC76078	yqiC
AAC76079	ygiL
AAC76080	insC1
AAC76081	insD1
AAC76083	yqiH
AAC76084	yqiI
AAC76085	glgS
AAC76086	yqiJ
AAC76087	yqiK
ACO60008	ibsD
ACO60009	ibsE
AAC76088	hldE
AAC76089	glnE
AAC76090	ygiF
AAC76091	ygiM
AAC76092	cca
AAC76093	bacA
AAC76094	folB
AAC76095	plsY
AAC76096	ttdR
AAC76097	ttdA
AAC76098	ttdB
AAC76099	ttdT
AAC76100	tsaD
AAC76101	rpsU
AAC76102	dnaG
AAC76103	rpoD
AAC76104	mug
AAC76105	yqjH
AAC76106	yqjI
AAC76107	aer
AAC76108	patA
AAC76109	ygjH
AAC76110	ebgR
AAT48164	ebgA
AAC76112	ebgC
AAT48165	ygjI
AAC76114	ygjJ
AAC76115	ygjK
AAC76116	fadH
AAC76117	higA
AAC76118	higB
AAC76119	rlmG
AAC76120	ygjP
AAC76121	ygjQ
AAC76122	ygjR
AAT48166	alx
AAC76124	sstT
AAC76125	ygjV
AAC76126	uxaA
AAC76127	uxaC
AAC76128	exuT
AAC76129	exuR
AAC76130	yqjA
AAC76131	mzrA
AAC76132	yqjC
AAC76133	yqjD
AAC76134	yqjE
AAC76135	yqjK
AAC76136	yqjF
AAC76137	yqjG
AAC76138	yhaH
AAC76139	yhaI
AAC76140	yhaJ
AAC76141	yhaK
AAC76142	yhaL
AAT48167	yhaM
AAT48168	yhaO
AAT48169	tdcG
AAC76148	tdcF
AAT48170	tdcE
AAC76150	tdcD
AAC76151	tdcC
AAC76152	tdcB
AAC76153	tdcA
AAC76154	tdcR
AAC76155	yhaB
AAC76156	yhaC
AAC76158	garK
AAC76159	garR
AAC76160	garL
AAC76161	garP
AAC76162	garD
AAC76163	prlF
AAC76164	yhaV
AAC76165	agaR
AAC76166	kbaZ
AAC76167	agaV
AAC76170	agaS
AAC76171	kbaY
AAC76172	agaB
AAC76173	agaC
AAC76174	agaD
AAC76175	agaI
AAC76176	yraH
AAC76177	yraI
AAC76178	yraJ
AAC76179	yraK
AAC76180	rsmI
AAC76181	lpoA
AAC76182	yraN
AAC76183	diaA
AAC76184	yraP
AAC76185	yraQ
AAC76186	yraR
AAC76187	yhbO
AAC76188	yhbP
AAC76189	yhbQ
AAC76190	yhbS
AAC76191	yhbT
AAC76192	yhbU
AAC76193	yhbV
AAC76194	yhbW
AAC76195	mtr
AAC76196	deaD
ACO60010	yrbN
AAC76197	nlpI
AAC76198	pnp
AAC76199	rpsO
AAC76200	truB
AAC76201	rbfA
AAC76202	infB
AAC76203	nusA
AAC76204	rimP
AAC76205	argG
AAC76206	yhbX
AAC76207	secG
AAC76208	glmM
AAC76209	folP
AAC76210	ftsH
AAC76211	rlmE
AAC76212	yhbY
AAC76213	greA
AAC76214	dacB
AAC76215	obgE
AAC76216	yhbE
AAC76217	rpmA
AAC76218	rplU
AAC76219	ispB
AAC76220	sfsB
AAC76221	murA
AAC76222	ibaG
AAC76223	mlaB
AAC76224	mlaC
AAC76225	mlaD
AAC76226	mlaE
AAC76227	mlaF
AAC76228	yrbG
AAC76229	kdsD
AAC76230	kdsC
AAC76231	lptC
AAC76232	lptA
AAC76233	lptB
AAC76234	rpoN
AAC76235	hpf
AAC76236	ptsN
AAC76237	yhbJ
AAC76238	npr
AAC76239	yrbL
AAC76240	mtgA
AAC76241	elbB
AAT48172	arcB
AAC76243	yhcC
AAC76244	gltB
AAC76245	gltD
AAC76246	gltF
AAC76247	yhcA
AAC76248	yhcD
AAC76250	insH1
AAC76251	yhcF
AAC76252	yhcG
AAC76253	yhcH
AAC76254	nanK
AAC76255	nanE
AAC76256	nanT
AAC76257	nanA
AAC76258	nanR
AAC76259	dcuD
AAC76260	sspB
AAC76261	sspA
AAC76262	rpsI
AAC76263	rplM
AAC76264	zapE
AAC76265	yhcB
AAC76266	degQ
AAC76267	degS
AAC76268	mdh
AAC76269	argR
AAC76270	yhcN
AAC76271	yhcO
AAC76272	aaeB
AAC76273	aaeA
AAC76274	aaeX
AAC76275	aaeR
AAC76276	tldD
AAT48173	yhdP
AAC76279	rng
AAC76280	yhdE
AAC76281	mreD
AAC76282	mreC
AAC76283	mreB
AAC76284	csrD
AAC76285	acuI
AAC76287	accB
AAC76288	accC
AAC76289	yhdT
AAC76290	panF
AAC76291	prmA
AAC76292	dusB
AAC76293	fis
AAC76294	yhdJ
AAC76295	yhdU
AAC76296	acrS
AAC76297	acrE
AAC76298	acrF
AAC76299	yhdV
AAT48174	yhdX
AAC76302	yhdY
AAC76303	yhdZ
AAC76304	yrdA
AAC76305	yrdB
AAC76306	aroE
AAC76307	tsaC
AAT48175	yrdD
AAC76309	smg
AAT48176	smf
AAC76312	def
AAC76313	fmt
AAC76314	rsmB
AAC76315	trkA
AAC76316	mscL
ABD18700	arfA
AAC76317	zntR
AAC76318	yhdN
AAC76319	rplQ
AAC76320	rpoA
AAC76321	rpsD
AAC76322	rpsK
AAC76323	rpsM
AAC76324	rpmJ
AAC76325	secY
AAC76326	rplO
AAC76327	rpmD
AAC76328	rpsE
AAC76329	rplR
AAC76330	rplF
AAC76331	rpsH
AAC76332	rpsN
AAC76333	rplE
AAC76334	rplX
AAC76335	rplN
AAC76336	rpsQ
AAC76337	rpmC
AAC76338	rplP
AAC76339	rpsC
AAC76340	rplV
AAC76341	rpsS
AAC76342	rplB
AAC76343	rplW
AAC76344	rplD
AAC76345	rplC
AAC76346	rpsJ
AAC76347	gspB
AAC76348	gspA
AAC76349	gspC
AAC76350	gspD
AAC76351	gspE
AAC76352	gspF
AAC76353	gspG
AAC76354	gspH
AAC76355	gspI
AAC76356	gspJ
AAC76357	gspK
AAC76358	gspL
AAC76359	gspM
AAC76360	gspO
AAC76361	bfr
AAC76362	bfd
AAC76363	chiA
AAC76364	tufA
AAC76365	fusA
AAC76366	rpsG
AAC76367	rpsL
AAC76368	tusB
AAC76369	tusC
AAC76370	tusD
AAC76371	yheO
AAC76372	fkpA
AAC76373	slyX
AAC76374	slyD
ABD18701	yheV
AAC76375	kefB
AAC76376	kefG
AAC76377	yheS
AAC76378	yheT
AAC76379	yheU
AAC76380	prkB
AAC76381	yhfA
AAC76382	crp
AAC76383	yhfK
AAC76384	argD
AAC76385	pabA
AAC76386	fic
AAC76387	yhfG
AAC76388	ppiA
AAC76389	tsgA
AAC76390	nirB
AAC76391	nirD
AAC76392	nirC
AAC76393	cysG
AAC76394	yhfL
AAC76395	frlA
AAC76396	frlB
AAT48177	frlC
AAC76399	frlD
AAC76400	frlR
AAC76401	yhfS
AAC76402	yhfT
AAC76403	yhfU
AAC76404	php
AAC76405	yhfW
AAC76406	yhfX
AAC76407	yhfY
AAT48178	yhfZ
AAC76409	trpS
AAC76410	gph
AAC76411	rpe
AAC76412	dam
AAC76413	damX
AAC76414	aroB
AAC76415	aroK
AAC76416	hofQ
AAC76417	hofP
AAC76418	hofO
AAC76419	hofN
AAC76420	hofM
AAC76421	mrcA
AAC76422	nudE
AAC76423	yrfF
AAC76424	yrfG
AAC76425	hslR
AAC76426	hslO
AAC76427	yhgE
AAC76428	pck
AAC76429	envZ
AAC76430	ompR
AAC76431	greB
AAC76432	yhgF
AAC76433	feoA
AAC76434	feoB
AAC76435	feoC
AAC76436	yhgA
AAC76437	bioH
AAC76438	gntX
AAC76439	nfuA
AAT48179	gntT
AAC76441	malQ
AAT48180	malP
AAC76443	malT
AAT48181	rtcA
AAC76446	rtcB
AAC76447	rtcR
AAT48182	glpG
AAC76450	glpE
AAC76451	glpD
AAC76453	glgP
AAC76454	glgA
AAC76455	glgC
AAC76456	glgX
AAC76457	glgB
AAC76458	asd
AAC76459	yhgN
AAT48183	gntU
AAC76462	gntK
AAT48184	gntR
AAC76464	yhhW
AAC76465	yhhX
AAC76466	yhhY
AAC76467	yhhZ
AAC76469	insA
AAC76470	insB1
AAC76471	yrhB
AAC76472	ggt
AAC76473	yhhA
AAC76474	ugpQ
AAC76475	ugpC
AAC76476	ugpE
AAC76477	ugpA
AAC76478	ugpB
AAC76479	livF
AAC76480	livG
AAC76481	livM
AAC76482	livH
AAC76483	livK
AAC76484	panM
AAT48185	livJ
AAC76486	rpoH
AAC76487	ftsX
AAC76488	ftsE
AAC76489	ftsY
AAC76490	rsmD
AAC76491	yhhL
AAC76492	yhhM
AAC76493	yhhN
AAC76494	zntA
AAC76495	tusA
AAC76496	yhhQ
AAC76497	dcrB
AAC76498	yhhS
AAC76499	yhhT
AAC76500	acpT
AAC76501	nikA
AAC76502	nikB
AAC76503	nikC
AAC76504	nikD
AAC76505	nikE
AAC76506	nikR
AAT48186	rhsB
AAC76508	yhhH
AAC76509	yhhI
AAC76510	yhhJ
AAT48187	rbbA
AAC76512	yhiI
AAC76513	yhiJ
AAC76516	yhiM
AAC76517	yhiN
AAC76518	pitA
AAC76519	uspB
AAC76520	uspA
AAC76521	dtpB
AAC76522	rsmJ
AAC76523	prlC
AAC76524	rlmJ
AAC76525	gor
ABP93453	dinQ
AAC76526	arsR
AAC76527	arsB
AAC76528	arsC
AAC76530	insH1
AAC76531	slp
AAC76532	dctR
AAC76533	yhiD
AAC76534	hdeB
AAC76535	hdeA
AAC76536	hdeD
AAC76537	gadE
AAC76538	mdtE
AAC76539	mdtF
AAC76540	gadW
AAC76541	gadX
AAC76542	gadA
AAC76543	yhjA
AAC76544	treF
AAC76545	yhjB
AAC76546	yhjC
AAC76547	yhjD
AAC76548	yhjE
AAC76549	yhjG
AAC76550	yhjH
AAC76551	kdgK
AAC76552	yhjJ
AAC76553	dctA
AAC76554	yhjK
AAT48188	bcsC
AAC76556	bcsZ
AAC76557	bcsB
AAC76558	bcsA
AAC76560	yhjR
AAC76561	bcsE
AAC76562	bcsF
AAC76563	bcsG
AAT48189	ldrD
AAC76564	yhjV
AAC76565	dppF
AAC76566	dppD
AAC76567	dppC
AAC76568	dppB
AAC76569	dppA
AAC76570	eptB
AAC76571	yhjX
AAC76572	yhjY
AAC76573	tag
AAC76574	yiaC
AAC76575	bisC
AAT48190	yiaD
AAC76577	ghrB
AAC76578	yiaF
AAC76579	yiaG
AAC76580	cspA
AAT48191	hokA
AAC76581	insJ
AAC76582	insK
AAC76583	glyS
AAC76584	glyQ
ABD18703	ysaB
AAC76585	wecH
AAC76586	yiaA
AAC76587	yiaB
AAC76588	xylB
AAC76589	xylA
AAC76590	xylF
AAC76591	xylG
AAC76592	xylH
AAC76593	xylR
AAT48192	bax
AAC76595	malS
AAT48193	avtA
AAC76597	ysaA
AAC76598	yiaJ
AAC76599	yiaK
AAC76600	yiaL
AAC76601	yiaM
AAT48194	yiaN
AAC76603	yiaO
AAC76604	lyxK
AAC76605	sgbH
AAC76606	sgbU
AAC76607	sgbE
AAC76608	yiaT
AAC76609	yiaU
AAC76610	yiaV
AAC76611	yiaW
AAC76612	aldB
AAT48195	yiaY
AAC76614	selB
AAC76615	selA
AAC76616	yibF
AAC76617	rhsA
AAC76618	yibA
AAC76620	yibG
AAC76621	yibH
AAC76622	yibI
AAC76623	mtlA
AAC76624	mtlD
AAC76625	mtlR
ABD18704	yibT
AAC76626	yibL
AAC76627	lldP
AAC76628	lldR
AAC76629	lldD
AAC76630	trmL
AAC76631	cysE
AAC76632	gpsA
AAC76633	secB
AAC76634	grxC
AAC76635	yibN
AAC76636	gpmM
AAC76637	envC
AAC76638	yibQ
AAC76639	waaH
AAC76640	tdh
AAC76641	kbl
AAC76642	yibB
AAC76643	hldD
AAC76644	waaF
AAC76645	waaC
AAC76646	waaL
AAC76647	waaU
AAC76648	waaZ
AAC76649	waaY
AAC76650	waaR
AAC76651	waaO
AAC76652	waaB
AAC76653	waaS
AAC76654	waaP
AAC76655	waaG
AAC76656	waaQ
AAC76657	waaA
AAC76658	coaD
AAC76659	mutM
AAC76660	rpmG
AAC76661	rpmB
AAC76662	yicR
AAC76663	dfp
AAC76664	dut
AAC76665	slmA
AAC76666	pyrE
AAC76668	yicC
AAC76669	dinD
AAC76670	yicG
AAC76671	ligB
AAC76672	gmk
AAC76673	rpoZ
AAC76674	spoT
AAC76675	trmH
AAC76676	recG
AAC76677	gltS
AAC76678	xanP
AAC76679	yicH
AAC76680	yicI
AAC76681	yicJ
AAC76682	setC
AAC76683	yicL
AAC76684	nlpA
ABD18705	yicS
AAC76685	nepI
AAC76686	yicN
AAC76687	adeQ
AAC76688	adeD
AAC76689	uhpT
AAC76690	uhpC
AAC76691	uhpB
AAC76692	uhpA
AAC76693	ilvN
AAC76694	ilvB
AAC76695	ivbL
ABP93456	tisB
AAC76696	emrD
AAC76697	yidF
AAC76698	yidG
AAC76699	yidH
AAC76700	yidI
AAC76701	yidJ
AAC76702	yidK
AAC76703	yidL
AAC76707	yidP
AAC76708	yidE
AAC76709	ibpB
AAC76710	ibpA
AAC76711	yidQ
AAC76712	yidR
AAC76713	cbrA
AAC76714	dgoT
AAT48197	dgoD
AAT48198	dgoA
AAC76716	dgoK
AAT48199	dgoR
AAT48200	yidX
AAC76720	yidA
AAC76721	yidB
AAT48201	gyrB
AAC76723	recF
AAC76724	dnaN
AAC76725	dnaA
AAC76726	rpmH
AAC76727	rnpA
ABD18707	yidD
AAC76728	yidC
AAC76729	mnmE
AAC76730	tnaC
AAC76731	tnaA
AAC76732	tnaB
AAC76733	mdtL
AAC76734	yidZ
AAC76735	yieE
AAC76736	chrR
AAC76737	adeP
AAC76738	yieH
AAC76739	cbrB
AAC76740	cbrC
AAT48202	yieK
AAC76742	yieL
AAC76743	bglH
AAC76744	bglB
AAC76745	bglF
AAC76746	bglG
AAC76747	phoU
AAC76748	pstB
AAC76749	pstA
AAC76750	pstC
AAC76751	pstS
AAC76752	glmS
AAC76753	glmU
AAC76754	atpC
AAC76755	atpD
AAC76756	atpG
AAC76757	atpA
AAC76758	atpH
AAC76759	atpF
AAC76760	atpE
AAC76761	atpB
AAC76762	atpI
AAC76763	rsmG
AAC76764	mnmG
AAC76765	mioC
AAC76766	asnC
AAC76767	asnA
AAT48203	viaA
AAC76769	ravA
AAT48204	kup
AAC76771	rbsD
AAC76772	rbsA
AAC76773	rbsC
AAC76774	rbsB
AAC76775	rbsK
AAC76776	rbsR
AAC76777	hsrA
AAT48205	yieP
AAT48206	hdfR
AAC77485	yifE
AAC77486	yifB
AAC77487	ilvL
ACO60011	ilvX
AAC77489	ilvM
AAT48207	ilvE
AAT48208	ilvD
AAC77492	ilvA
AAC77493	ilvY
AAC76779	ilvC
AAC76780	ppiC
AAT48209	rep
AAT48210	gpp
AAC76785	rhlB
AAC76786	trxA
AAC76788	rho
AAC76789	wecA
AAC76790	wzzE
AAT48211	wecB
AAT48212	wecC
AAT48213	rffG
AAC76794	rffH
AAT48214	wecD
AAC76796	wecE
AAC76797	wzxE
AAT48215	wecF
AAC76800	wzyE
AAC76801	wecG
AAT48216	yifK
AAT48217	aslB
AAC76804	aslA
AAC76805	hemY
AAC76806	hemX
AAC76807	hemD
AAT48218	hemC
AAC76809	cyaA
AAC76810	cyaY
ABD18710	yifL
AAC76812	dapF
AAC76813	yigA
AAC76814	xerC
AAC76815	yigB
AAC76816	uvrD
AAT48219	yigE
AAC76819	corA
AAC76820	yigF
AAC76821	yigG
AAT48220	rarD
AAC76823	yigI
AAC76824	pldA
AAT48221	recQ
AAT48222	rhtC
AAT48223	rhtB
AAT48224	pldB
AAT48225	yigL
AAC76830	yigM
AAC76831	metR
AAC76832	metE
AAT48226	ysgA
AAC76834	udp
AAC76835	rmuC
AAT48227	ubiE
AAC76837	ubiJ
AAC76838	ubiB
AAC76839	tatA
AAT48228	tatB
AAC76842	tatC
AAT48229	tatD
AAC76845	rfaH
AAC76846	ubiD
AAC76847	fre
AAT48230	fadA
AAC76849	fadB
AAC76850	pepQ
AAC76851	yigZ
AAT48231	trkH
AAC76853	hemG
AAC76854	mobB
AAC76855	mobA
AAC76856	yihD
AAC76857	srkA
AAC76858	dsbA
AAC76859	yihF
AAC76860	yihG
AAC76861	polA
AAC76862	yihA
AAC76863	yihI
AAC76864	hemN
ACO60012	yshB
AAC76865	glnG
AAC76866	glnL
AAC76867	glnA
AAT48232	typA
AAC76869	yihL
AAC76870	yihM
AAC76871	yihN
AAC76872	ompL
AAT48233	yihO
AAC76874	yihP
AAC76875	yihQ
AAC76876	yihR
AAD13442	yihS
AAD13443	yihT
AAD13444	yihU
AAD13445	yihV
AAD13446	yihW
AAD13447	yihX
AAD13448	yihY
AAD13449	dtd
AAD13450	yiiD
AAD13451	yiiE
AAD13452	yiiF
AAD13453	fdhE
AAD13454	fdoI
AAD13455	fdoH
AAD13456	fdoG
AAC76877	fdhD
AAC76878	yiiG
AAC76879	frvR
AAC76880	frvX
AAC76881	frvB
AAC76882	frvA
AAC76883	rhaM
AAC76884	rhaD
AAT48234	rhaA
AAC76886	rhaB
AAC76887	rhaS
AAC76888	rhaR
AAC76889	rhaT
AAC76890	sodA
AAC76891	kdgT
AAC76892	yiiM
AAC76893	cpxA
AAC76894	cpxR
AAT48235	cpxP
AAC76897	fieF
AAC76898	pfkA
AAC76899	sbp
AAC76900	cdh
AAC76901	tpiA
AAC76902	yiiQ
AAC76903	yiiR
AAC76904	yiiS
AAC76905	uspD
AAC76906	fpr
AAC76907	glpX
AAC76908	glpK
AAC76909	glpF
AAC76910	zapB
AAC76911	rraA
AAC76912	menA
AAC76913	hslU
AAC76914	hslV
AAC76915	ftsN
AAC76916	cytR
AAC76917	priA
AAC76918	rpmE
AAC76919	yiiX
AAC76920	metJ
AAC76921	metB
AAC76922	metL
AAC76923	metF
AAC76924	katG
AAC76925	yijE
AAC76926	yijF
AAC76927	gldA
AAC76928	fsaB
AAT48236	frwA
AAC76931	frwC
AAC76932	frwB
AAC76933	pflD
AAC76934	pflC
AAC76935	frwD
AAC76936	yijO
AAC76937	eptC
AAC76938	ppc
AAC76939	argE
AAC76940	argC
AAC76941	argB
AAC76942	argH
AAC76943	oxyR
AAC76944	sthA
AAC76945	fabR
AAC76946	yijD
AAC76947	trmA
AAC76948	btuB
AAC76949	murI
AAC76950	murB
AAC76951	birA
AAC76952	coaA
AAC76954	tufB
AAC76955	secE
AAC76956	nusG
AAC76957	rplK
AAC76958	rplA
AAC76959	rplJ
AAC76960	rplL
AAC76961	rpoB
AAC76962	rpoC
AAC76963	yjaZ
AAC76964	thiH
AAC76965	thiG
AAT48237	thiS
AAC76966	thiF
AAC76967	thiE
AAC76968	thiC
AAC76969	rsd
AAT48238	nudC
AAC76971	hemE
AAC76972	nfi
AAC76973	yjaG
AAC76974	hupA
AAC76975	yjaH
AAC76976	zraP
AAC76977	zraS
AAC76978	zraR
AAC76979	purD
AAC76980	purH
AAC76981	yjaA
AAC76982	yjaB
AAC76983	metA
AAC76984	aceB
AAC76985	aceA
AAC76986	aceK
AAC76987	arpA
AAC76988	iclR
AAC76989	metH
AAC76990	yjbB
AAC76991	pepE
AAC76992	rluF
AAC76993	yjbD
AAC76994	lysC
AAC76995	pgi
AAC76996	yjbE
AAC76997	yjbF
AAC76998	yjbG
AAC76999	yjbH
ABP93457	yjbT
AAC77000	psiE
AAC77001	xylE
AAC77002	malG
AAC77003	malF
AAC77004	malE
AAC77005	malK
AAC77006	lamB
AAC77007	malM
AAC77009	ubiC
AAC77010	ubiA
AAC77011	plsB
AAC77012	dgkA
AAC77013	lexA
AAC77014	dinF
AAC77015	yjbJ
AAC77016	zur
AAC77017	yjbL
AAC77018	yjbM
AAC77019	dusA
AAC77020	pspG
AAC77021	qorA
AAC77022	dnaB
AAC77023	alr
AAC77024	tyrB
ABP93458	yjbS
AAC77025	aphA
AAC77026	yjbQ
AAC77027	yjbR
AAC77028	uvrA
AAC77029	ssb
AAC77030	yjcB
AAC77031	yjcC
AAC77032	soxS
AAC77033	soxR
AAC77034	ghxP
AAC77035	yjcE
AAC77036	yjcF
AAC77037	actP
AAC77038	yjcH
AAC77039	acs
AAC77040	nrfA
AAC77041	nrfB
AAC77042	nrfC
AAC77043	nrfD
AAD13457	nrfE
AAD13458	nrfF
AAD13459	nrfG
AAD13460	gltP
AAD13461	yjcO
AAD13462	fdhF
AAD13463	mdtP
AAD13464	mdtO
AAD13465	mdtN
ABP93459	ytcA
AAC77044	yjcS
AAC77045	alsK
AAC77046	alsE
AAC77047	alsC
AAC77048	alsA
AAC77049	alsB
AAC77050	alsR
AAC77051	rpiB
AAT48239	yjdP
AAC77053	phnP
AAC77054	phnO
AAC77055	phnN
AAC77056	phnM
AAC77057	phnL
AAT48240	phnK
AAC77059	phnJ
AAC77060	phnI
AAC77061	phnH
AAC77062	phnG
AAC77063	phnF
AAC77066	phnD
AAC77067	phnC
AAC77068	yjdN
AAC77069	yjdM
AAC77070	crfC
AAC77071	yjcZ
AAC77072	proP
AEN84234	pmrR
AAC77073	basS
AAC77074	basR
AAC77075	eptA
AAC77076	adiC
AAC77077	adiY
AAC77078	adiA
AAC77079	melR
AAC77080	melA
AAC77081	melB
AAC77082	yjdF
AAC77083	fumB
AAC77084	dcuB
AAC77085	dcuR
AAC77086	dcuS
AAC77087	yjdI
AAC77088	yjdJ
AAC77089	ghoS
ABD18711	ghoT
AAC77090	lysU
AAC77091	dtpC
AAC77092	cadA
AAC77093	cadB
AAC77094	cadC
AAC77095	yjdC
AAC77096	dsbD
AAC77097	cutA
AAC77098	dcuA
AAC77099	aspA
AAC77100	fxsA
AAC77101	yjeH
AAC77102	groS
AAC77103	groL
AAC77104	yjeI
AAC77105	yjeJ
AAC77106	epmB
AAC77107	efp
AAT48241	ecnA
AAT48242	ecnB
AAC77108	sugE
AAC77109	blc
AAC77110	ampC
AAC77111	frdD
AAC77112	frdC
AAC77113	frdB
AAC77114	frdA
AAC77115	epmA
AAC77116	yjeM
AAC77117	yjeN
AAC77118	yjeO
AAC77119	mscM
AAC77120	psd
AAC77121	rsgA
AAC77122	orn
ACO60013	yjeV
AAC77123	queG
AAC77124	nnr
AAC77125	tsaE
AAC77126	amiB
AAC77127	mutL
AAC77128	miaA
AAC77129	hfq
AAC77130	hflX
AAC77131	hflK
AAC77132	hflC
AAC77133	yjeT
AAC77134	purA
AAC77135	nsrR
AAC77136	rnr
AAC77137	rlmB
AAC77138	yjfI
AAC77139	yjfJ
AAC77140	yjfK
AAC77141	yjfL
AAC77142	yjfM
AAC77143	yjfC
AAC77144	aidB
AAC77145	yjfN
AAC77146	bsmA
AAC77147	yjfP
AAC77148	ulaR
AAC77149	ulaG
AAC77150	ulaA
AAC77151	ulaB
AAC77152	ulaC
AAC77153	ulaD
AAC77154	ulaE
AAC77155	ulaF
AAC77156	yjfY
AAC77157	rpsF
AAC77158	priB
AAC77159	rpsR
AAC77160	rplI
AAC77161	yjfZ
AAC77163	ytfB
AAC77164	fklB
AAC77165	cycA
AAC77166	ytfE
AAC77167	ytfF
AAC77168	qorB
AAC77169	ytfH
AAC77170	cpdB
AAC77171	cysQ
AAT48243	ytfI
AAC77173	ytfJ
AAC77174	ytfK
AAC77175	ytfL
AAC77176	msrA
AAC77177	tamA
AAC77178	tamB
AAC77179	ytfP
AAC77181	chpS
AAC77182	chpB
AAC77183	ppa
AAC77184	ytfQ
AAT48244	ytfR
AAC77187	ytfT
AAC77188	yjfF
AAC77189	fbp
AAC77190	mpl
AAC77191	yjgA
AAC77192	pmbA
AAC77194	nrdG
AAC77195	nrdD
AAC77196	treC
AAC77197	treB
AAC77198	treR
ADO17949	mgtL
AAC77199	mgtA
AAC77200	ridA
AAC77201	pyrI
AAC77202	pyrB
AAC77203	pyrL
AAC77205	yjgH
AAC77206	bdcA
AAC77208	bdcR
AAC77209	tabA
AAC77210	yjgL
AAC77211	argI
AAC77212	rraB
AAT48245	yjgM
AAT48246	yjgN
AAC77215	valS
AAC77216	holC
AAC77217	pepA
AAC77218	lptF
AAC77219	lptG
AAC77220	yjgR
AAC77221	idnR
AAC77222	idnT
AAC77223	idnO
AAC77224	idnD
AAC77225	idnK
AAC77226	ahr
AAC77228	insC1
AAC77229	insD1
AAC77233	yjgZ
AAC77234	insG
AAC77235	yjhB
AAC77236	yjhC
ABV59575	ythA
AAC77240	insI1
AAC77243	fecE
AAC77244	fecD
AAC77245	fecC
AAC77246	fecB
AAC77247	fecA
AAC77248	fecR
AAC77249	fecI
AAC77250	insA
AAC77251	yjhU
AAC77252	yjhF
AAC77253	yjhG
AAC77254	yjhH
AAC77255	yjhI
AAC77256	sgcR
AAC77257	sgcE
AAC77258	sgcA
AAC77259	sgcQ
AAC77260	sgcC
ABD18717	sgcB
AAC77261	sgcX
AAC77262	yjhP
AAC77263	yjhQ
ABD18718	yjhX
AAC77265	nanS
AAC77266	nanM
AAC77267	nanC
AAC77268	fimB
AAC77269	fimE
AAC77270	fimA
AAC77271	fimI
AAC77272	fimC
AAC77273	fimD
AAC77274	fimF
AAC77275	fimG
AAC77276	fimH
AAC77277	gntP
AAC77278	uxuA
AAC77279	uxuB
AAC77280	uxuR
AAC77281	yjiC
AAC77282	iraD
AAC77283	hypT
AAC77284	iadA
AAC77285	yjiG
AAC77286	yjiH
AAC77287	kptA
AAC77288	yjiJ
AAC77289	yjiK
AAC77290	yjiL
AAC77291	yjiM
AAC77292	yjiN
AAC77293	mdtM
AAC77296	yjiR
AAC77297	yjiS
AAC77301	mcrC
AAC77302	mcrB
AAC77303	symE
AAC77304	hsdS
AAC77305	hsdM
AAC77306	hsdR
AAC77307	mrr
AAC77308	yjiA
AAC77309	yjiX
AAC77310	yjiY
AAC77311	tsr
AAC77312	lgoT
AAT48248	lgoR
AAC77314	lgoD
AAC77315	opgB
AAC77316	yjjA
AAC77317	dnaC
AAC77318	dnaT
AAC77319	yjjB
AAC77320	yjjP
AAC77321	yjjQ
AAC77322	bglJ
AAC77323	fhuF
ABD18719	yjjZ
AAC77324	rsmC
AAC77325	holD
AAC77326	rimI
AAC77327	yjjG
AAC77328	prfC
AAC77329	osmY
ABD18720	ytjA
AAC77330	yjjU
AAC77331	yjjV
AAC77332	yjjW
AAC77333	yjjI
AAC77334	deoC
AAC77335	deoA
AAC77336	deoB
AAC77337	deoD
AAC77338	yjjJ
AAC77339	lplA
AAC77340	ytjB
AAC77341	serB
AAC77342	radA
AAC77343	nadR
AAC77344	ettA
AAC77345	slt
AAC77346	trpR
AAC77347	yjjX
AAC77348	ytjC
AAC77349	rob
AAC77350	creA
AAC77351	creB
AAC77352	creC
AAC77353	creD
AAC77354	arcA
AAC77355	yjjY
AAC77356	yjtD
EBT00001514590	ptwF
EBT00001514745	pauD
EBT00001514617	pawZ
EBT00001514550	yabP
EBT00001514570	yafU
EBT00001514542	yafF
EBT00001514572	lfhA
EBT00001514567	lafU
EBT00001514468	ykfJ
EBT00001514489	prfH
b0240	crl
EBT00001514551	ykfN
EBT00001514487	ykfL
EBT00001514473	ykfK
EBT00001514466	insN
EBT00001514488	ykfC
EBT00001514427	afuB
EBT00001514458	insI1
EBT00001514493	insX
EBT00001514532	yagB
EBT00001514566	ykgS
EBT00001514447	yagJ
EBT00001514564	yagP
EBT00001514505	ykgT
EBT00001514483	ykgP
EBT00001514481	eaeH
EBT00001514571	ykgA
EBT00001514464	ykgQ
EBT00001514576	yaiX
EBT00001514477	yaiT
EBT00001514557	ykiA
EBT00001514561	rhsH
EBT00001514436	ybbD
EBT00001514452	ylbI
EBT00001514426	ylbG
EBT00001514455	xisD
EBT00001514495	exoD
EBT00001514524	peaD
EBT00001514531	renD
EBT00001514573	nmpC
b4634	aaaD
b0561	tfaD
EBT00001514448	ybcY
EBT00001514442	tfaX
EBT00001514492	ybeM
EBT00001514528	ybfG
EBT00001514465	ybfI
EBT00001514533	rhsO
EBT00001514490	ybfQ
EBT00001514419	ybfL
EBT00001514494	efeU
EBT00001514429	ymdE
b4692	oweE
b4693	aaaE
b1151	beeE
b1152	jayE
b1157	stfE
EBT00001514508	icdC
EBT00001514539	ycgH
EBT00001514460	ycgI
EBT00001514485	insZ
EBT00001514565	ycjV
EBT00001514559	ymjC
EBT00001514543	ymjD
b1361	ydaW
b1362	rzpR
b1366	ydaY
b1368	tmpR
b4570	lomR
EBT00001514422	ttcC
EBT00001514435	ydbA
EBT00001514515	gapC
EBT00001514469	insP
EBT00001514482	rhsE
EBT00001514439	yncI
EBT00001514445	yddK
EBT00001514501	yddL
EBT00001514434	ydeT
EBT00001514471	yneL
EBT00001514556	yneO
EBT00001514560	ydfJ
EBT00001514457	nohQ
EBT00001514541	intK
EBT00001514478	ydfX
EBT00001514530	ydfE
EBT00001514500	insD1
EBT00001514497	intQ
EBT00001514523	arpB
EBT00001514420	yedN
EBT00001514548	intG
EBT00001514512	yedS
EBT00001514425	yeeL
EBT00001514577	yeeH
EBT00001514418	yoeG
EBT00001514476	yoeH
EBT00001514568	yoeA
EBT00001514536	yeeP
EBT00001514504	yeeW
EBT00001514510	yoeD
EBT00001514446	yoeF
EBT00001514516	wbbL
EBT00001514518	yegZ
EBT00001514423	gatR
b2092	gatC
EBT00001514433	yehH
EBT00001514549	yehQ
EBT00001514431	mdtQ
EBT00001514526	yejO
EBT00001514438	yfaS
EBT00001514514	yfaH
b4543	ypaA
EBT00001514569	yfcU
b2353	tfaS
EBT00001514417	yfdL
EBT00001514545	yfdM
EBT00001514430	oweS
EBT00001514537	ypdJ
EBT00001514440	yfjU
EBT00001514437	yfjV
EBT00001514546	ypjI
EBT00001514517	pinH
EBT00001514503	ypjC
EBT00001514540	ygaQ
EBT00001514563	ygaY
EBT00001514506	ygeF
EBT00001514444	pbl
EBT00001514470	ygeK
EBT00001514428	ygeN
EBT00001514513	ygeO
EBT00001514534	ygeQ
EBT00001514544	yqfE
EBT00001514479	yghE
EBT00001514552	yghF
EBT00001514496	yghO
EBT00001514574	yghX
EBT00001514459	yqiG
EBT00001514555	agaW
EBT00001514527	agaA
EBT00001514486	yhcE
EBT00001514443	yrdF
EBT00001514521	yrdE
EBT00001514484	yhdW
b3423	glpR
EBT00001514491	yzgL
EBT00001514507	yrhA
EBT00001514456	yrhC
EBT00001514480	yhiL
EBT00001514499	yhiS
EBT00001514520	bcsQ
EBT00001514562	mokA
EBT00001514467	ysaC
EBT00001514547	ysaD
EBT00001514421	rhsJ
EBT00001514511	yibS
EBT00001514463	yibW
EBT00001514441	yibV
EBT00001514553	yibU
b3643	rph
EBT00001514502	yicT
EBT00001514462	glvG
EBT00001514461	glvC
EBT00001514449	ilvG
EBT00001514554	yifN
EBT00001514498	yjbI
EBT00001514432	phnE
EBT00001514535	yjdQ
EBT00001514519	ytfA
EBT00001514509	cybC
EBT00001514454	intB
EBT00001514475	yjgX
EBT00001514575	yjhD
EBT00001514522	yjhE
EBT00001514453	insO
EBT00001514474	insM
EBT00001514450	yjhV
EBT00001514538	insB1
EBT00001514558	yjhY
EBT00001514529	yjhZ
EBT00001514472	yjhR
EBT00001514451	yjiP
EBT00001514424	yjiT
EBT00001514525	yjiV
